crop,stage,soil_type,temp,humidity,rain,wind,risk,advice
maize,vegetative,silty,33,79,7,13,Low,"Normal growth, monitor crops"
maize,flowering,loamy,37,75,9,16,Low,"Normal growth, monitor crops"
maize,harvesting,sandy,28,78,29,5,Low,"Normal growth, monitor crops"
wheat,flowering,loamy,28,76,12,14,Low,"Normal growth, monitor crops"
rice,vegetative,silty,30,62,36,17,Low,"Normal growth, monitor crops"
maize,harvesting,silty,27,67,18,6,Low,"Normal growth, monitor crops"
rice,flowering,loamy,35,81,11,6,Low,"Normal growth, monitor crops"
lentil,seedling,sandy,19,70,8,10,Low,"Normal growth, monitor crops"
rice,flowering,silty,28,87,35,14,Low,"Normal growth, monitor crops"
rice,seedling,silty,32,72,48,19,Low,"Normal growth, monitor crops"
potato,vegetative,alluvial,17,85,15,5,Low,"Normal conditions, monitor crops"
maize,vegetative,clay,25,70,26,12,Low,"Normal growth, monitor crops"
tomato,vegetative,loamy,28,84,4,15,Low,"Normal growth, monitor crops"
rice,seedling,sandy,32,61,32,18,Low,"Normal growth, monitor crops"
potato,vegetative,sandy,16,82,6,15,Low,"Normal conditions, monitor crops"
tomato,harvesting,alluvial,21,72,15,9,Low,"Normal growth, monitor crops"
rice,seedling,alluvial,28,68,23,11,Low,"Normal growth, monitor crops"
rice,vegetative,clay,37,81,5,7,Low,"Normal growth, monitor crops"
maize,harvesting,sandy,33,57,7,10,Low,"Normal growth, monitor crops"
rice,harvesting,alluvial,38,65,45,7,Low,"Normal growth, monitor crops"
wheat,flowering,alluvial,34,58,23,8,Low,"Normal growth, monitor crops"
rice,harvesting,alluvial,34,80,37,20,Low,"Normal growth, monitor crops"
maize,seedling,alluvial,36,68,21,13,Low,"Normal growth, monitor crops"
wheat,vegetative,clay,22,51,14,6,Low,"Normal growth, monitor crops"
tomato,flowering,sandy,22,69,3,5,Low,"Normal growth, monitor crops"
rice,seedling,loamy,38,60,42,15,Low,"Normal growth, monitor crops"
tomato,harvesting,sandy,23,72,14,10,Low,"Normal growth, monitor crops"
rice,vegetative,loamy,28,92,34,6,Low,"Normal growth, monitor crops"
wheat,seedling,silty,35,78,8,12,Low,"Normal growth, monitor crops"
wheat,flowering,alluvial,19,55,13,18,Low,"Normal growth, monitor crops"
lentil,seedling,alluvial,18,50,10,20,Low,"Normal growth, monitor crops"
tomato,harvesting,sandy,31,83,14,12,Low,"Normal growth, monitor crops"
rice,seedling,loamy,36,68,11,14,Low,"Normal growth, monitor crops"
tomato,harvesting,alluvial,23,85,2,10,Low,"Normal growth, monitor crops"
rice,seedling,sandy,29,92,29,9,Low,"Normal growth, monitor crops"
tomato,flowering,clay,27,73,5,8,Low,"Normal growth, monitor crops"
potato,flowering,alluvial,20,70,9,14,Low,"Normal conditions, monitor crops"
wheat,flowering,alluvial,29,57,25,16,Low,"Normal growth, monitor crops"
rice,seedling,loamy,28,75,35,7,Low,"Normal growth, monitor crops"
maize,flowering,clay,37,78,0,10,Low,"Normal growth, monitor crops"
wheat,harvesting,silty,35,54,14,8,High,"Harvest immediately, store properly"
wheat,flowering,sandy,35,72,22,17,Low,"Normal growth, monitor crops"
potato,harvesting,alluvial,15,62,12,5,Low,"Normal conditions, monitor crops"
lentil,flowering,loamy,23,53,3,10,Low,"Normal growth, monitor crops"
wheat,seedling,clay,32,45,25,18,Low,"Normal growth, monitor crops"
potato,flowering,alluvial,15,82,15,17,Low,"Normal conditions, monitor crops"
wheat,flowering,loamy,31,53,9,15,Low,"Normal growth, monitor crops"
potato,harvesting,loamy,22,60,20,18,Low,"Normal conditions, monitor crops"
maize,vegetative,loamy,29,64,2,13,Low,"Normal growth, monitor crops"
lentil,harvesting,sandy,24,64,0,11,Low,"Normal growth, monitor crops"
tomato,vegetative,clay,31,66,15,8,Low,"Normal growth, monitor crops"
maize,seedling,silty,26,65,26,17,Low,"Normal growth, monitor crops"
potato,harvesting,alluvial,16,64,16,9,Low,"Normal conditions, monitor crops"
wheat,vegetative,clay,31,77,18,19,Medium,"Monitor fungal infection, adjust irrigation"
potato,vegetative,alluvial,24,77,2,15,Low,"Normal conditions, monitor crops"
lentil,seedling,loamy,30,72,4,17,Low,"Normal growth, monitor crops"
lentil,flowering,silty,24,67,7,10,Low,"Normal growth, monitor crops"
potato,flowering,sandy,28,75,10,16,Low,"Normal conditions, monitor crops"
wheat,seedling,alluvial,28,65,9,19,Low,"Normal growth, monitor crops"
lentil,harvesting,alluvial,16,53,7,17,Low,"Normal growth, monitor crops"
potato,vegetative,alluvial,15,69,15,7,Low,"Normal conditions, monitor crops"
maize,flowering,clay,27,71,2,10,Low,"Normal growth, monitor crops"
wheat,flowering,clay,24,45,20,12,Low,"Normal growth, monitor crops"
potato,harvesting,alluvial,25,60,7,20,Low,"Normal conditions, monitor crops"
potato,harvesting,silty,25,74,5,15,Low,"Normal conditions, monitor crops"
lentil,seedling,alluvial,18,59,8,17,Low,"Normal growth, monitor crops"
rice,flowering,sandy,30,70,28,19,Low,"Normal growth, monitor crops"
tomato,vegetative,alluvial,24,65,11,7,Low,"Normal growth, monitor crops"
potato,flowering,loamy,16,60,16,18,Low,"Normal conditions, monitor crops"
wheat,flowering,alluvial,35,46,14,18,Low,"Normal growth, monitor crops"
lentil,flowering,clay,17,72,7,15,Low,"Normal growth, monitor crops"
lentil,flowering,sandy,28,75,1,8,Low,"Normal growth, monitor crops"
rice,harvesting,silty,37,92,14,10,Low,"Normal growth, monitor crops"
wheat,vegetative,clay,28,43,8,5,Low,"Normal growth, monitor crops"
maize,harvesting,sandy,28,60,30,13,Low,"Normal growth, monitor crops"
tomato,vegetative,sandy,30,84,1,16,Low,"Normal growth, monitor crops"
rice,seedling,clay,33,63,6,18,Low,"Normal growth, monitor crops"
tomato,flowering,silty,22,81,2,20,Low,"Normal growth, monitor crops"
maize,harvesting,sandy,35,71,6,9,Low,"Normal growth, monitor crops"
potato,harvesting,loamy,15,85,3,8,Low,"Normal conditions, monitor crops"
maize,vegetative,clay,34,63,16,17,Low,"Normal growth, monitor crops"
maize,vegetative,loamy,36,60,28,20,Low,"Normal growth, monitor crops"
lentil,vegetative,alluvial,18,60,3,20,Low,"Normal growth, monitor crops"
wheat,vegetative,loamy,25,72,17,19,Low,"Normal growth, monitor crops"
potato,harvesting,silty,24,81,1,14,Low,"Normal conditions, monitor crops"
wheat,harvesting,sandy,35,55,7,15,High,"Harvest immediately, store properly"
wheat,flowering,silty,31,53,25,20,Low,"Normal growth, monitor crops"
lentil,flowering,silty,15,52,7,14,Low,"Normal growth, monitor crops"
rice,flowering,loamy,29,80,14,19,Low,"Normal growth, monitor crops"
potato,harvesting,clay,16,81,18,17,Low,"Normal conditions, monitor crops"
potato,harvesting,loamy,17,77,6,11,Low,"Normal conditions, monitor crops"
maize,vegetative,silty,36,68,6,6,Low,"Normal growth, monitor crops"
wheat,vegetative,clay,21,47,20,13,Low,"Normal growth, monitor crops"
lentil,harvesting,clay,21,61,7,15,Low,"Normal growth, monitor crops"
rice,vegetative,alluvial,31,81,6,18,Low,"Normal growth, monitor crops"
maize,harvesting,loamy,30,52,15,14,Low,"Normal growth, monitor crops"
wheat,flowering,sandy,23,41,6,18,Low,"Normal growth, monitor crops"
maize,seedling,alluvial,31,69,13,8,Low,"Normal growth, monitor crops"
maize,seedling,loamy,37,53,22,12,High,"Irrigate immediately, provide shade"
rice,seedling,loamy,35,71,39,12,Low,"Normal growth, monitor crops"
rice,flowering,clay,36,86,15,13,Low,"Normal growth, monitor crops"
lentil,vegetative,loamy,28,74,10,17,Low,"Normal growth, monitor crops"
rice,vegetative,sandy,31,70,28,19,Low,"Normal growth, monitor crops"
tomato,flowering,alluvial,22,66,8,18,Low,"Normal growth, monitor crops"
wheat,harvesting,alluvial,18,56,5,20,Low,"Normal growth, monitor crops"
potato,vegetative,silty,28,69,17,12,Low,"Normal conditions, monitor crops"
potato,harvesting,silty,23,63,0,14,Low,"Normal conditions, monitor crops"
wheat,vegetative,clay,22,48,23,14,Low,"Normal growth, monitor crops"
rice,flowering,alluvial,31,85,41,13,Low,"Normal growth, monitor crops"
potato,vegetative,silty,28,68,4,14,Low,"Normal conditions, monitor crops"
maize,flowering,sandy,32,68,21,5,Low,"Normal growth, monitor crops"
tomato,flowering,sandy,20,71,5,9,Low,"Normal growth, monitor crops"
rice,harvesting,sandy,30,88,20,10,Low,"Normal growth, monitor crops"
tomato,flowering,sandy,22,81,7,11,Low,"Normal growth, monitor crops"
tomato,vegetative,alluvial,31,81,7,16,Low,"Normal growth, monitor crops"
potato,flowering,silty,24,63,11,5,Low,"Normal conditions, monitor crops"
wheat,harvesting,alluvial,33,75,18,16,High,"Harvest immediately, store properly"
potato,flowering,sandy,21,82,18,7,Low,"Normal conditions, monitor crops"
tomato,vegetative,alluvial,23,62,2,10,Low,"Normal growth, monitor crops"
lentil,flowering,silty,27,80,8,14,Low,"Normal growth, monitor crops"
potato,harvesting,alluvial,26,62,1,12,Low,"Normal conditions, monitor crops"
potato,vegetative,sandy,23,85,20,13,Low,"Normal conditions, monitor crops"
rice,harvesting,alluvial,35,84,38,14,Low,"Normal growth, monitor crops"
lentil,seedling,clay,29,71,7,7,Low,"Normal growth, monitor crops"
maize,vegetative,alluvial,29,74,7,16,Low,"Normal growth, monitor crops"
wheat,harvesting,alluvial,22,40,11,11,High,"Harvest immediately, store properly"
maize,seedling,alluvial,26,53,9,12,Low,"Normal growth, monitor crops"
maize,vegetative,alluvial,35,60,20,12,Low,"Normal growth, monitor crops"
lentil,seedling,alluvial,19,56,2,12,Low,"Normal growth, monitor crops"
rice,harvesting,loamy,37,93,39,14,Low,"Normal growth, monitor crops"
tomato,vegetative,sandy,23,82,8,11,Low,"Normal growth, monitor crops"
wheat,seedling,clay,27,50,17,14,Low,"Normal growth, monitor crops"
rice,flowering,silty,28,87,39,11,Low,"Normal growth, monitor crops"
wheat,seedling,loamy,18,59,5,13,Low,"Normal growth, monitor crops"
maize,flowering,silty,27,58,30,5,Low,"Normal growth, monitor crops"
potato,vegetative,loamy,23,64,11,16,Low,"Normal conditions, monitor crops"
tomato,harvesting,alluvial,32,80,12,10,Low,"Normal growth, monitor crops"
rice,flowering,sandy,32,63,20,15,Low,"Normal growth, monitor crops"
rice,seedling,clay,32,86,17,18,Low,"Normal growth, monitor crops"
lentil,flowering,alluvial,26,61,4,14,Low,"Normal growth, monitor crops"
rice,flowering,alluvial,38,73,44,9,Low,"Normal growth, monitor crops"
wheat,harvesting,alluvial,28,55,22,11,High,"Harvest immediately, store properly"
tomato,vegetative,clay,20,81,15,12,Low,"Normal growth, monitor crops"
lentil,seedling,silty,15,69,9,7,Low,"Normal growth, monitor crops"
potato,flowering,sandy,22,61,12,19,Low,"Normal conditions, monitor crops"
rice,seedling,silty,36,60,31,20,Low,"Normal growth, monitor crops"
tomato,vegetative,sandy,24,69,7,11,Low,"Normal growth, monitor crops"
wheat,seedling,alluvial,23,69,6,8,Low,"Normal growth, monitor crops"
rice,vegetative,loamy,35,83,32,10,Low,"Normal growth, monitor crops"
maize,vegetative,loamy,34,56,22,16,Low,"Normal growth, monitor crops"
potato,harvesting,sandy,17,72,7,10,Low,"Normal conditions, monitor crops"
tomato,vegetative,silty,23,74,8,10,Low,"Normal growth, monitor crops"
rice,seedling,silty,31,70,29,6,Low,"Normal growth, monitor crops"
potato,harvesting,clay,27,62,9,14,Low,"Normal conditions, monitor crops"
tomato,vegetative,silty,28,62,12,12,Low,"Normal growth, monitor crops"
maize,seedling,sandy,32,65,16,15,Low,"Normal growth, monitor crops"
lentil,harvesting,alluvial,25,64,5,6,Low,"Normal growth, monitor crops"
wheat,harvesting,silty,24,66,23,17,High,"Harvest immediately, store properly"
rice,seedling,clay,38,69,34,8,Low,"Normal growth, monitor crops"
potato,vegetative,sandy,15,64,0,19,Low,"Normal conditions, monitor crops"
tomato,harvesting,silty,20,64,15,9,Low,"Normal growth, monitor crops"
rice,flowering,clay,29,86,15,10,Low,"Normal growth, monitor crops"
wheat,harvesting,sandy,35,67,23,7,High,"Harvest immediately, store properly"
potato,harvesting,alluvial,21,65,1,11,Low,"Normal conditions, monitor crops"
wheat,flowering,silty,20,73,9,16,Low,"Normal growth, monitor crops"
maize,harvesting,loamy,35,75,9,17,Low,"Normal growth, monitor crops"
tomato,vegetative,loamy,28,76,4,8,Low,"Normal growth, monitor crops"
wheat,harvesting,loamy,28,41,8,11,High,"Harvest immediately, store properly"
tomato,vegetative,clay,32,78,13,16,Low,"Normal growth, monitor crops"
lentil,flowering,clay,22,70,7,8,Low,"Normal growth, monitor crops"
wheat,flowering,clay,34,77,12,17,Low,"Normal growth, monitor crops"
rice,vegetative,loamy,31,92,9,18,Low,"Normal growth, monitor crops"
potato,vegetative,alluvial,21,74,17,14,Low,"Normal conditions, monitor crops"
potato,harvesting,loamy,21,73,3,7,Low,"Normal conditions, monitor crops"
lentil,seedling,silty,25,67,4,12,Low,"Normal growth, monitor crops"
potato,vegetative,sandy,15,68,16,13,Low,"Normal conditions, monitor crops"
potato,vegetative,alluvial,28,81,20,17,Low,"Normal conditions, monitor crops"
wheat,harvesting,loamy,29,57,11,9,High,"Harvest immediately, store properly"
maize,flowering,sandy,26,80,4,18,Low,"Normal growth, monitor crops"
wheat,flowering,clay,33,72,14,18,Low,"Normal growth, monitor crops"
wheat,harvesting,sandy,26,58,10,16,High,"Harvest immediately, store properly"
wheat,harvesting,silty,28,79,21,17,High,"Harvest immediately, store properly"
maize,harvesting,silty,37,78,4,9,Low,"Normal growth, monitor crops"
rice,vegetative,silty,37,60,4,16,Low,"Normal growth, monitor crops"
wheat,harvesting,alluvial,20,59,15,16,High,"Harvest immediately, store properly"
potato,flowering,alluvial,24,83,8,13,Low,"Normal conditions, monitor crops"
tomato,harvesting,loamy,23,81,14,12,Low,"Normal growth, monitor crops"
maize,seedling,loamy,28,81,25,7,Low,"Normal growth, monitor crops"
lentil,vegetative,loamy,20,52,9,5,Low,"Normal growth, monitor crops"
wheat,seedling,loamy,19,56,2,20,Low,"Normal growth, monitor crops"
tomato,vegetative,clay,30,75,4,16,Low,"Normal growth, monitor crops"
lentil,seedling,sandy,18,69,5,13,Low,"Normal growth, monitor crops"
potato,flowering,alluvial,26,81,10,5,Low,"Normal conditions, monitor crops"
wheat,harvesting,loamy,29,52,7,10,High,"Harvest immediately, store properly"
potato,vegetative,loamy,18,67,4,12,Low,"Normal conditions, monitor crops"
maize,vegetative,clay,27,73,13,18,Low,"Normal growth, monitor crops"
potato,vegetative,clay,25,81,14,13,Low,"Normal conditions, monitor crops"
rice,harvesting,silty,38,72,15,6,Low,"Normal growth, monitor crops"
maize,vegetative,loamy,28,79,6,14,Low,"Normal growth, monitor crops"
maize,vegetative,sandy,29,50,9,20,Low,"Normal growth, monitor crops"
maize,seedling,loamy,37,66,7,17,High,"Irrigate immediately, provide shade"
rice,flowering,alluvial,37,85,47,11,Low,"Normal growth, monitor crops"
maize,flowering,clay,32,53,25,11,Low,"Normal growth, monitor crops"
potato,vegetative,sandy,26,81,16,18,Low,"Normal conditions, monitor crops"
maize,vegetative,loamy,26,77,29,15,Low,"Normal growth, monitor crops"
potato,harvesting,alluvial,16,72,9,12,Low,"Normal conditions, monitor crops"
rice,vegetative,sandy,32,60,44,9,Low,"Normal growth, monitor crops"
tomato,vegetative,clay,21,62,11,10,Low,"Normal growth, monitor crops"
potato,flowering,clay,20,60,10,15,Low,"Normal conditions, monitor crops"
maize,seedling,silty,34,80,3,10,Low,"Normal growth, monitor crops"
rice,vegetative,clay,32,71,31,13,Low,"Normal growth, monitor crops"
potato,flowering,loamy,15,61,12,20,Low,"Normal conditions, monitor crops"
potato,vegetative,clay,16,73,16,20,Low,"Normal conditions, monitor crops"
tomato,vegetative,sandy,25,71,10,14,Low,"Normal growth, monitor crops"
rice,harvesting,clay,33,75,15,20,Low,"Normal growth, monitor crops"
potato,flowering,alluvial,15,77,11,18,Low,"Normal conditions, monitor crops"
potato,harvesting,alluvial,15,80,5,17,Low,"Normal conditions, monitor crops"
potato,harvesting,clay,18,84,0,8,Low,"Normal conditions, monitor crops"
maize,harvesting,silty,30,50,1,19,Low,"Normal growth, monitor crops"
maize,harvesting,clay,30,82,7,13,Low,"Normal growth, monitor crops"
wheat,vegetative,sandy,31,75,8,11,Low,"Normal growth, monitor crops"
maize,harvesting,alluvial,32,55,7,18,Low,"Normal growth, monitor crops"
tomato,vegetative,silty,21,67,8,18,Low,"Normal growth, monitor crops"
lentil,flowering,sandy,15,79,8,16,Low,"Normal growth, monitor crops"
tomato,vegetative,silty,27,66,12,13,Low,"Normal growth, monitor crops"
lentil,seedling,sandy,16,72,7,13,Low,"Normal growth, monitor crops"
wheat,flowering,sandy,35,52,7,16,Low,"Normal growth, monitor crops"
potato,flowering,loamy,17,66,18,15,Low,"Normal conditions, monitor crops"
potato,vegetative,loamy,28,72,0,8,Low,"Normal conditions, monitor crops"
rice,harvesting,clay,30,82,35,14,Low,"Normal growth, monitor crops"
potato,harvesting,sandy,25,76,16,16,Low,"Normal conditions, monitor crops"
tomato,vegetative,loamy,32,67,0,6,Low,"Normal growth, monitor crops"
lentil,harvesting,sandy,15,74,10,16,Low,"Normal growth, monitor crops"
rice,vegetative,clay,38,78,7,5,Low,"Normal growth, monitor crops"
wheat,harvesting,clay,34,52,1,16,Low,"Normal growth, monitor crops"
rice,seedling,silty,32,80,12,10,Low,"Normal growth, monitor crops"
lentil,seedling,alluvial,29,54,4,17,Low,"Normal growth, monitor crops"
potato,flowering,sandy,28,72,12,16,Low,"Normal conditions, monitor crops"
lentil,vegetative,loamy,29,60,6,18,Low,"Normal growth, monitor crops"
maize,flowering,alluvial,25,51,2,6,Low,"Normal growth, monitor crops"
lentil,seedling,silty,25,76,2,6,Low,"Normal growth, monitor crops"
potato,harvesting,silty,19,65,10,5,Low,"Normal conditions, monitor crops"
lentil,seedling,silty,19,55,10,5,Low,"Normal growth, monitor crops"
maize,seedling,clay,32,68,15,11,Low,"Normal growth, monitor crops"
tomato,flowering,silty,31,78,14,5,Low,"Normal growth, monitor crops"
tomato,vegetative,clay,25,73,14,9,Low,"Normal growth, monitor crops"
rice,harvesting,alluvial,28,93,42,13,Low,"Normal growth, monitor crops"
potato,flowering,sandy,17,72,0,14,Low,"Normal conditions, monitor crops"
wheat,harvesting,clay,19,54,9,11,High,"Harvest immediately, store properly"
maize,vegetative,silty,25,67,29,17,Low,"Normal growth, monitor crops"
maize,flowering,sandy,34,66,0,20,Low,"Normal growth, monitor crops"
rice,seedling,alluvial,36,91,24,19,Low,"Normal growth, monitor crops"
lentil,seedling,alluvial,20,74,7,15,Low,"Normal growth, monitor crops"
wheat,flowering,silty,35,40,1,6,Low,"Normal growth, monitor crops"
potato,flowering,clay,21,85,20,10,Low,"Normal conditions, monitor crops"
tomato,flowering,sandy,23,75,4,13,Low,"Normal growth, monitor crops"
potato,vegetative,silty,20,71,15,20,Low,"Normal conditions, monitor crops"
potato,harvesting,sandy,21,61,8,17,Low,"Normal conditions, monitor crops"
rice,vegetative,sandy,28,64,13,12,Low,"Normal growth, monitor crops"
wheat,vegetative,loamy,30,57,4,7,Low,"Normal growth, monitor crops"
wheat,seedling,alluvial,25,54,20,13,Low,"Normal growth, monitor crops"
wheat,harvesting,loamy,31,66,8,14,High,"Harvest immediately, store properly"
lentil,flowering,sandy,16,67,3,5,Low,"Normal growth, monitor crops"
rice,vegetative,loamy,34,78,23,5,Low,"Normal growth, monitor crops"
lentil,seedling,sandy,15,79,0,9,Low,"Normal growth, monitor crops"
maize,flowering,alluvial,33,53,23,11,Low,"Normal growth, monitor crops"
wheat,flowering,silty,35,65,2,12,Low,"Normal growth, monitor crops"
rice,flowering,sandy,32,73,45,15,Low,"Normal growth, monitor crops"
rice,seedling,silty,28,62,19,15,Low,"Normal growth, monitor crops"
potato,harvesting,sandy,27,81,1,17,Low,"Normal conditions, monitor crops"
wheat,flowering,silty,28,80,9,6,Low,"Normal growth, monitor crops"
potato,harvesting,clay,16,80,6,6,Low,"Normal conditions, monitor crops"
maize,harvesting,clay,31,50,8,15,Low,"Normal growth, monitor crops"
tomato,vegetative,loamy,22,73,9,15,Low,"Normal growth, monitor crops"
maize,vegetative,alluvial,33,54,14,8,Low,"Normal growth, monitor crops"
tomato,harvesting,silty,29,66,8,8,Low,"Normal growth, monitor crops"
wheat,vegetative,alluvial,20,64,14,15,Low,"Normal growth, monitor crops"
potato,vegetative,clay,27,67,4,13,Low,"Normal conditions, monitor crops"
maize,vegetative,sandy,34,83,13,15,Low,"Normal growth, monitor crops"
tomato,harvesting,sandy,26,73,3,10,Low,"Normal growth, monitor crops"
maize,harvesting,alluvial,28,63,4,9,Low,"Normal growth, monitor crops"
tomato,harvesting,sandy,32,78,1,11,Low,"Normal growth, monitor crops"
rice,vegetative,alluvial,29,88,36,10,Low,"Normal growth, monitor crops"
rice,seedling,silty,35,86,46,11,Low,"Normal growth, monitor crops"
potato,flowering,sandy,28,75,7,16,Low,"Normal conditions, monitor crops"
potato,harvesting,loamy,25,69,18,19,Low,"Normal conditions, monitor crops"
potato,vegetative,alluvial,15,71,4,9,Low,"Normal conditions, monitor crops"
maize,seedling,alluvial,26,73,5,16,Low,"Normal growth, monitor crops"
tomato,flowering,sandy,23,72,6,14,Low,"Normal growth, monitor crops"
lentil,flowering,clay,28,50,1,19,Low,"Normal growth, monitor crops"
maize,vegetative,loamy,27,75,25,10,Low,"Normal growth, monitor crops"
lentil,seedling,loamy,17,78,5,16,Low,"Normal growth, monitor crops"
tomato,vegetative,alluvial,20,75,3,8,Low,"Normal growth, monitor crops"
maize,flowering,clay,28,79,8,20,Low,"Normal growth, monitor crops"
wheat,vegetative,silty,30,65,22,9,Low,"Normal growth, monitor crops"
wheat,vegetative,alluvial,31,79,21,16,Medium,"Monitor fungal infection, adjust irrigation"
rice,flowering,alluvial,28,85,14,6,Low,"Normal growth, monitor crops"
wheat,harvesting,sandy,35,46,17,20,High,"Harvest immediately, store properly"
lentil,vegetative,silty,15,64,1,16,Low,"Normal growth, monitor crops"
potato,vegetative,silty,25,71,0,5,Low,"Normal conditions, monitor crops"
maize,vegetative,clay,31,63,22,19,Low,"Normal growth, monitor crops"
rice,seedling,loamy,36,74,12,6,Low,"Normal growth, monitor crops"
lentil,vegetative,alluvial,28,66,1,9,Low,"Normal growth, monitor crops"
rice,vegetative,silty,34,62,14,12,Low,"Normal growth, monitor crops"
lentil,vegetative,loamy,30,66,2,17,Low,"Normal growth, monitor crops"
wheat,seedling,silty,18,54,12,8,Low,"Normal growth, monitor crops"
maize,harvesting,silty,25,64,14,20,Low,"Normal growth, monitor crops"
maize,flowering,sandy,30,75,22,16,Low,"Normal growth, monitor crops"
rice,vegetative,sandy,36,91,37,20,Low,"Normal growth, monitor crops"
rice,seedling,clay,33,62,31,16,Low,"Normal growth, monitor crops"
potato,flowering,alluvial,24,74,7,19,Low,"Normal conditions, monitor crops"
maize,harvesting,sandy,26,74,7,17,Low,"Normal growth, monitor crops"
potato,vegetative,alluvial,24,71,11,14,Low,"Normal conditions, monitor crops"
lentil,seedling,loamy,25,69,2,5,Low,"Normal growth, monitor crops"
tomato,flowering,alluvial,24,64,11,20,Low,"Normal growth, monitor crops"
rice,vegetative,loamy,36,77,33,9,Low,"Normal growth, monitor crops"
tomato,flowering,alluvial,25,67,14,16,Low,"Normal growth, monitor crops"
rice,harvesting,loamy,37,74,2,11,Low,"Normal growth, monitor crops"
wheat,harvesting,alluvial,29,70,3,19,Low,"Normal growth, monitor crops"
maize,vegetative,alluvial,35,72,27,19,Low,"Normal growth, monitor crops"
tomato,harvesting,silty,32,81,12,6,Low,"Normal growth, monitor crops"
maize,seedling,clay,32,50,13,15,Low,"Normal growth, monitor crops"
tomato,flowering,alluvial,26,76,2,16,Low,"Normal growth, monitor crops"
potato,harvesting,loamy,21,67,18,14,Low,"Normal conditions, monitor crops"
wheat,harvesting,alluvial,24,56,20,16,High,"Harvest immediately, store properly"
lentil,harvesting,alluvial,29,57,0,13,Low,"Normal growth, monitor crops"
tomato,vegetative,sandy,21,78,3,18,Low,"Normal growth, monitor crops"
rice,seedling,clay,34,61,14,8,Low,"Normal growth, monitor crops"
potato,flowering,clay,21,70,9,9,Low,"Normal conditions, monitor crops"
potato,vegetative,sandy,16,68,13,9,Low,"Normal conditions, monitor crops"
potato,harvesting,sandy,20,79,18,16,Low,"Normal conditions, monitor crops"
maize,vegetative,loamy,37,58,27,11,Low,"Normal growth, monitor crops"
tomato,flowering,alluvial,22,76,11,7,Low,"Normal growth, monitor crops"
lentil,flowering,clay,23,53,4,7,Low,"Normal growth, monitor crops"
lentil,seedling,clay,27,67,3,20,Low,"Normal growth, monitor crops"
maize,harvesting,loamy,37,60,13,6,Low,"Normal growth, monitor crops"
maize,vegetative,clay,28,84,26,9,Low,"Normal growth, monitor crops"
tomato,harvesting,alluvial,21,64,5,15,Low,"Normal growth, monitor crops"
tomato,harvesting,loamy,28,71,15,9,Low,"Normal growth, monitor crops"
potato,flowering,alluvial,21,62,17,10,Low,"Normal conditions, monitor crops"
maize,seedling,sandy,27,55,29,8,Low,"Normal growth, monitor crops"
rice,flowering,alluvial,37,85,24,11,Low,"Normal growth, monitor crops"
wheat,seedling,sandy,29,46,8,20,Low,"Normal growth, monitor crops"
tomato,vegetative,silty,32,78,7,11,Low,"Normal growth, monitor crops"
lentil,flowering,loamy,19,65,0,7,Low,"Normal growth, monitor crops"
tomato,harvesting,clay,27,79,15,16,Low,"Normal growth, monitor crops"
rice,harvesting,clay,38,73,40,12,Low,"Normal growth, monitor crops"
lentil,flowering,loamy,28,65,9,12,Low,"Normal growth, monitor crops"
lentil,harvesting,silty,27,54,2,13,Low,"Normal growth, monitor crops"
lentil,flowering,alluvial,30,78,5,11,Low,"Normal growth, monitor crops"
wheat,vegetative,alluvial,28,68,6,11,Low,"Normal growth, monitor crops"
wheat,harvesting,sandy,21,54,20,11,High,"Harvest immediately, store properly"
lentil,seedling,sandy,19,59,10,9,Low,"Normal growth, monitor crops"
lentil,harvesting,clay,25,66,1,16,Low,"Normal growth, monitor crops"
wheat,flowering,silty,32,58,14,17,Low,"Normal growth, monitor crops"
wheat,flowering,silty,33,76,4,13,Low,"Normal growth, monitor crops"
lentil,vegetative,loamy,23,52,6,20,Low,"Normal growth, monitor crops"
lentil,vegetative,loamy,18,78,8,13,Low,"Normal growth, monitor crops"
wheat,flowering,loamy,29,79,7,16,Low,"Normal growth, monitor crops"
wheat,seedling,alluvial,35,44,13,12,Low,"Normal growth, monitor crops"
tomato,flowering,clay,27,76,1,20,Low,"Normal growth, monitor crops"
potato,harvesting,sandy,25,65,16,17,Low,"Normal conditions, monitor crops"
maize,vegetative,alluvial,32,76,12,8,Low,"Normal growth, monitor crops"
maize,seedling,clay,36,74,7,18,Low,"Normal growth, monitor crops"
wheat,seedling,loamy,21,42,8,7,Low,"Normal growth, monitor crops"
potato,vegetative,loamy,25,85,6,9,Low,"Normal conditions, monitor crops"
tomato,vegetative,sandy,25,82,7,19,Low,"Normal growth, monitor crops"
potato,vegetative,loamy,21,62,13,17,Low,"Normal conditions, monitor crops"
tomato,vegetative,alluvial,25,65,7,16,Low,"Normal growth, monitor crops"
potato,vegetative,silty,25,69,16,17,Low,"Normal conditions, monitor crops"
maize,flowering,sandy,31,53,24,11,Low,"Normal growth, monitor crops"
rice,harvesting,silty,38,60,32,13,Low,"Normal growth, monitor crops"
rice,seedling,silty,28,63,40,16,Low,"Normal growth, monitor crops"
tomato,flowering,sandy,22,62,5,9,Low,"Normal growth, monitor crops"
maize,harvesting,sandy,31,85,8,10,Low,"Normal growth, monitor crops"
wheat,harvesting,alluvial,34,60,16,7,High,"Harvest immediately, store properly"
wheat,flowering,clay,19,48,24,8,Low,"Normal growth, monitor crops"
maize,harvesting,alluvial,29,63,4,19,Low,"Normal growth, monitor crops"
wheat,harvesting,alluvial,33,79,5,9,Low,"Normal growth, monitor crops"
wheat,flowering,sandy,19,44,21,13,Low,"Normal growth, monitor crops"
lentil,seedling,sandy,30,63,3,17,Low,"Normal growth, monitor crops"
lentil,harvesting,clay,22,78,4,15,Low,"Normal growth, monitor crops"
potato,flowering,loamy,23,77,5,9,Low,"Normal conditions, monitor crops"
tomato,vegetative,loamy,26,85,11,8,Low,"Normal growth, monitor crops"
lentil,seedling,loamy,20,69,6,5,Low,"Normal growth, monitor crops"
maize,flowering,loamy,33,58,29,13,Low,"Normal growth, monitor crops"
lentil,seedling,clay,21,74,7,20,Low,"Normal growth, monitor crops"
lentil,seedling,alluvial,18,65,3,14,Low,"Normal growth, monitor crops"
potato,vegetative,sandy,24,71,12,13,Low,"Normal conditions, monitor crops"
maize,harvesting,sandy,30,54,21,16,Low,"Normal growth, monitor crops"
tomato,flowering,clay,26,68,11,10,Low,"Normal growth, monitor crops"
wheat,vegetative,silty,19,49,12,16,Low,"Normal growth, monitor crops"
tomato,vegetative,loamy,22,61,8,12,Low,"Normal growth, monitor crops"
tomato,flowering,sandy,23,79,7,20,Low,"Normal growth, monitor crops"
tomato,flowering,silty,29,66,12,17,Low,"Normal growth, monitor crops"
tomato,harvesting,silty,23,71,1,19,Low,"Normal growth, monitor crops"
rice,seedling,alluvial,37,63,48,8,Low,"Normal growth, monitor crops"
maize,flowering,alluvial,33,85,25,16,Medium,Watch for fungal disease
potato,flowering,loamy,17,69,19,17,Low,"Normal conditions, monitor crops"
potato,harvesting,silty,21,63,17,6,Low,"Normal conditions, monitor crops"
tomato,vegetative,sandy,22,69,8,10,Low,"Normal growth, monitor crops"
potato,vegetative,sandy,22,60,9,16,Low,"Normal conditions, monitor crops"
maize,flowering,silty,35,62,30,9,Low,"Normal growth, monitor crops"
wheat,vegetative,alluvial,27,66,6,7,Low,"Normal growth, monitor crops"
lentil,vegetative,loamy,30,72,10,13,Low,"Normal growth, monitor crops"
maize,harvesting,alluvial,30,60,19,6,Low,"Normal growth, monitor crops"
tomato,flowering,loamy,29,69,4,18,Low,"Normal growth, monitor crops"
tomato,harvesting,alluvial,25,84,3,16,Low,"Normal growth, monitor crops"
lentil,harvesting,silty,27,56,1,19,Low,"Normal growth, monitor crops"
potato,flowering,loamy,26,80,12,7,Low,"Normal conditions, monitor crops"
lentil,flowering,loamy,17,63,0,12,Low,"Normal growth, monitor crops"
maize,vegetative,loamy,30,72,14,9,Low,"Normal growth, monitor crops"
potato,harvesting,sandy,25,74,10,18,Low,"Normal conditions, monitor crops"
potato,flowering,clay,19,60,5,15,Low,"Normal conditions, monitor crops"
potato,vegetative,sandy,25,69,16,17,Low,"Normal conditions, monitor crops"
lentil,seedling,loamy,20,72,1,19,Low,"Normal growth, monitor crops"
tomato,vegetative,sandy,25,68,1,16,Low,"Normal growth, monitor crops"
potato,harvesting,sandy,26,73,0,7,Low,"Normal conditions, monitor crops"
rice,harvesting,sandy,37,70,15,7,Low,"Normal growth, monitor crops"
potato,flowering,alluvial,18,76,2,19,Low,"Normal conditions, monitor crops"
wheat,harvesting,sandy,26,74,8,17,High,"Harvest immediately, store properly"
tomato,flowering,sandy,32,85,9,13,Low,"Normal growth, monitor crops"
rice,harvesting,loamy,38,71,16,9,Low,"Normal growth, monitor crops"
rice,seedling,clay,33,72,31,10,Low,"Normal growth, monitor crops"
potato,vegetative,clay,19,72,13,16,Low,"Normal conditions, monitor crops"
tomato,flowering,alluvial,28,61,8,7,Low,"Normal growth, monitor crops"
wheat,harvesting,alluvial,26,46,20,5,High,"Harvest immediately, store properly"
tomato,flowering,clay,26,63,0,13,Low,"Normal growth, monitor crops"
potato,vegetative,alluvial,27,62,8,7,Low,"Normal conditions, monitor crops"
rice,harvesting,loamy,29,81,5,5,Low,"Normal growth, monitor crops"
lentil,seedling,silty,15,63,2,19,Low,"Normal growth, monitor crops"
potato,vegetative,alluvial,24,85,20,11,Low,"Normal conditions, monitor crops"
rice,seedling,silty,38,77,43,17,Low,"Normal growth, monitor crops"
maize,vegetative,alluvial,32,59,25,18,Low,"Normal growth, monitor crops"
potato,vegetative,alluvial,25,82,1,9,Low,"Normal conditions, monitor crops"
lentil,vegetative,alluvial,23,70,7,17,Low,"Normal growth, monitor crops"
lentil,flowering,loamy,19,60,9,9,Low,"Normal growth, monitor crops"
potato,harvesting,loamy,15,63,14,5,Low,"Normal conditions, monitor crops"
wheat,seedling,silty,31,40,8,12,Low,"Normal growth, monitor crops"
lentil,vegetative,alluvial,28,74,3,11,Low,"Normal growth, monitor crops"
wheat,harvesting,alluvial,32,63,6,15,High,"Harvest immediately, store properly"
lentil,seedling,silty,23,50,1,19,Low,"Normal growth, monitor crops"
wheat,seedling,clay,28,46,4,5,Low,"Normal growth, monitor crops"
lentil,vegetative,alluvial,30,69,1,12,Low,"Normal growth, monitor crops"
wheat,vegetative,sandy,31,44,19,6,Low,"Normal growth, monitor crops"
maize,seedling,alluvial,25,73,9,9,Low,"Normal growth, monitor crops"
lentil,vegetative,silty,30,56,0,7,Low,"Normal growth, monitor crops"
rice,seedling,alluvial,36,70,29,14,Low,"Normal growth, monitor crops"
potato,vegetative,alluvial,18,76,11,5,Low,"Normal conditions, monitor crops"
tomato,flowering,clay,25,71,10,7,Low,"Normal growth, monitor crops"
rice,harvesting,sandy,30,83,24,15,Low,"Normal growth, monitor crops"
rice,vegetative,sandy,30,89,32,16,Low,"Normal growth, monitor crops"
potato,harvesting,silty,23,69,9,7,Low,"Normal conditions, monitor crops"
potato,vegetative,sandy,15,69,0,11,Low,"Normal conditions, monitor crops"
lentil,seedling,silty,26,63,9,18,Low,"Normal growth, monitor crops"
tomato,flowering,alluvial,22,72,2,15,Low,"Normal growth, monitor crops"
maize,seedling,alluvial,27,85,0,17,Low,"Normal growth, monitor crops"
tomato,flowering,alluvial,27,70,7,15,Low,"Normal growth, monitor crops"
maize,seedling,loamy,28,84,7,8,Low,"Normal growth, monitor crops"
maize,seedling,clay,33,80,20,5,Low,"Normal growth, monitor crops"
maize,seedling,alluvial,27,74,9,5,Low,"Normal growth, monitor crops"
rice,flowering,alluvial,30,81,32,6,Low,"Normal growth, monitor crops"
rice,vegetative,sandy,35,85,0,17,Low,"Normal growth, monitor crops"
lentil,seedling,alluvial,29,73,4,12,Low,"Normal growth, monitor crops"
rice,harvesting,silty,36,61,25,5,Low,"Normal growth, monitor crops"
tomato,flowering,sandy,26,66,1,9,Low,"Normal growth, monitor crops"
lentil,vegetative,alluvial,24,54,5,15,Low,"Normal growth, monitor crops"
rice,flowering,clay,34,67,33,8,Low,"Normal growth, monitor crops"
lentil,vegetative,loamy,19,50,3,7,Low,"Normal growth, monitor crops"
potato,harvesting,sandy,16,67,17,13,Low,"Normal conditions, monitor crops"
maize,harvesting,sandy,33,71,19,20,Low,"Normal growth, monitor crops"
maize,vegetative,clay,27,62,19,12,Low,"Normal growth, monitor crops"
tomato,vegetative,silty,26,60,2,15,Low,"Normal growth, monitor crops"
potato,harvesting,alluvial,16,61,16,6,Low,"Normal conditions, monitor crops"
maize,harvesting,sandy,31,80,13,12,Low,"Normal growth, monitor crops"
maize,harvesting,alluvial,26,50,0,20,Low,"Normal growth, monitor crops"
rice,flowering,silty,34,87,38,7,Low,"Normal growth, monitor crops"
rice,flowering,alluvial,29,67,8,18,Low,"Normal growth, monitor crops"
tomato,harvesting,sandy,27,74,10,20,Low,"Normal growth, monitor crops"
tomato,flowering,sandy,26,75,14,20,Low,"Normal growth, monitor crops"
lentil,vegetative,clay,20,68,0,16,Low,"Normal growth, monitor crops"
potato,harvesting,loamy,21,74,12,8,Low,"Normal conditions, monitor crops"
potato,vegetative,sandy,22,73,2,15,Low,"Normal conditions, monitor crops"
wheat,vegetative,silty,29,68,2,18,Low,"Normal growth, monitor crops"
potato,vegetative,loamy,24,65,11,13,Low,"Normal conditions, monitor crops"
wheat,seedling,sandy,23,67,14,12,Low,"Normal growth, monitor crops"
wheat,flowering,silty,31,44,5,15,Low,"Normal growth, monitor crops"
rice,vegetative,alluvial,34,67,9,10,Low,"Normal growth, monitor crops"
lentil,harvesting,silty,20,77,3,17,Low,"Normal growth, monitor crops"
wheat,flowering,loamy,32,54,13,19,Low,"Normal growth, monitor crops"
potato,vegetative,sandy,27,81,17,14,Low,"Normal conditions, monitor crops"
maize,flowering,loamy,29,75,22,12,Low,"Normal growth, monitor crops"
potato,flowering,clay,16,67,2,8,Low,"Normal conditions, monitor crops"
potato,harvesting,clay,20,84,17,9,Low,"Normal conditions, monitor crops"
rice,flowering,silty,29,65,28,5,Low,"Normal growth, monitor crops"
potato,flowering,alluvial,21,72,1,8,Low,"Normal conditions, monitor crops"
rice,vegetative,sandy,32,82,7,18,Low,"Normal growth, monitor crops"
potato,harvesting,alluvial,16,82,18,12,Low,"Normal conditions, monitor crops"
tomato,vegetative,clay,32,67,6,20,Low,"Normal growth, monitor crops"
rice,vegetative,clay,35,69,43,8,Low,"Normal growth, monitor crops"
tomato,vegetative,sandy,28,65,2,17,Low,"Normal growth, monitor crops"
potato,flowering,clay,28,69,17,15,Low,"Normal conditions, monitor crops"
maize,seedling,loamy,30,74,17,11,Low,"Normal growth, monitor crops"
tomato,harvesting,sandy,23,82,4,10,Low,"Normal growth, monitor crops"
maize,seedling,clay,25,68,12,10,Low,"Normal growth, monitor crops"
rice,seedling,clay,30,84,31,13,Low,"Normal growth, monitor crops"
potato,harvesting,sandy,17,67,3,18,Low,"Normal conditions, monitor crops"
tomato,harvesting,loamy,24,73,7,12,Low,"Normal growth, monitor crops"
rice,harvesting,clay,31,80,16,11,Low,"Normal growth, monitor crops"
tomato,vegetative,silty,28,75,11,14,Low,"Normal growth, monitor crops"
potato,harvesting,silty,18,70,1,11,Low,"Normal conditions, monitor crops"
tomato,flowering,sandy,23,71,11,5,Low,"Normal growth, monitor crops"
wheat,seedling,silty,30,70,15,6,Low,"Normal growth, monitor crops"
wheat,seedling,sandy,20,55,13,17,Low,"Normal growth, monitor crops"
rice,vegetative,loamy,34,65,37,11,Low,"Normal growth, monitor crops"
maize,seedling,alluvial,28,68,13,16,Low,"Normal growth, monitor crops"
rice,flowering,alluvial,37,72,25,19,Low,"Normal growth, monitor crops"
maize,seedling,silty,25,85,7,15,Low,"Normal growth, monitor crops"
maize,seedling,loamy,28,63,30,6,Low,"Normal growth, monitor crops"
lentil,vegetative,clay,30,74,0,9,Low,"Normal growth, monitor crops"
lentil,harvesting,loamy,17,72,0,16,Low,"Normal growth, monitor crops"
wheat,harvesting,loamy,33,45,21,11,High,"Harvest immediately, store properly"
lentil,vegetative,silty,15,52,10,5,Low,"Normal growth, monitor crops"
rice,vegetative,silty,28,62,28,5,Low,"Normal growth, monitor crops"
rice,vegetative,loamy,38,80,35,8,Low,"Normal growth, monitor crops"
rice,flowering,clay,34,93,12,18,Low,"Normal growth, monitor crops"
lentil,vegetative,silty,20,72,8,14,Low,"Normal growth, monitor crops"
maize,vegetative,alluvial,36,61,0,5,Low,"Normal growth, monitor crops"
maize,flowering,clay,33,72,22,10,Low,"Normal growth, monitor crops"
maize,harvesting,silty,26,75,25,11,Low,"Normal growth, monitor crops"
tomato,flowering,loamy,30,66,15,5,Low,"Normal growth, monitor crops"
lentil,seedling,loamy,27,65,9,5,Low,"Normal growth, monitor crops"
lentil,harvesting,silty,20,77,1,5,Low,"Normal growth, monitor crops"
tomato,flowering,clay,28,84,10,18,Low,"Normal growth, monitor crops"
rice,flowering,clay,35,63,41,17,Low,"Normal growth, monitor crops"
tomato,vegetative,alluvial,30,60,0,5,Low,"Normal growth, monitor crops"
maize,flowering,silty,25,75,26,6,Low,"Normal growth, monitor crops"
potato,harvesting,loamy,27,67,18,20,Low,"Normal conditions, monitor crops"
tomato,flowering,silty,25,62,2,10,Low,"Normal growth, monitor crops"
tomato,vegetative,alluvial,32,70,2,6,Low,"Normal growth, monitor crops"
maize,flowering,alluvial,37,75,20,14,Low,"Normal growth, monitor crops"
potato,harvesting,sandy,19,80,14,18,Low,"Normal conditions, monitor crops"
rice,harvesting,loamy,29,79,44,15,Low,"Normal growth, monitor crops"
lentil,vegetative,clay,28,64,10,10,Low,"Normal growth, monitor crops"
tomato,vegetative,alluvial,25,60,3,7,Low,"Normal growth, monitor crops"
maize,harvesting,alluvial,31,82,8,6,Low,"Normal growth, monitor crops"
maize,seedling,sandy,30,62,29,7,Low,"Normal growth, monitor crops"
rice,harvesting,sandy,33,80,35,14,Low,"Normal growth, monitor crops"
rice,seedling,loamy,32,76,2,5,Low,"Normal growth, monitor crops"
lentil,flowering,clay,26,66,1,18,Low,"Normal growth, monitor crops"
rice,flowering,silty,35,71,49,19,Low,"Normal growth, monitor crops"
potato,vegetative,sandy,18,80,10,15,Low,"Normal conditions, monitor crops"
wheat,vegetative,sandy,21,45,13,6,Low,"Normal growth, monitor crops"
tomato,harvesting,clay,28,60,12,18,Low,"Normal growth, monitor crops"
maize,vegetative,sandy,30,69,13,10,Low,"Normal growth, monitor crops"
lentil,harvesting,sandy,15,67,6,8,Low,"Normal growth, monitor crops"
potato,harvesting,alluvial,25,83,20,19,Low,"Normal conditions, monitor crops"
maize,seedling,alluvial,26,77,5,13,Low,"Normal growth, monitor crops"
maize,seedling,alluvial,30,55,25,18,Low,"Normal growth, monitor crops"
lentil,flowering,sandy,29,61,6,10,Low,"Normal growth, monitor crops"
potato,flowering,silty,20,60,20,13,Low,"Normal conditions, monitor crops"
tomato,flowering,loamy,29,82,10,18,Low,"Normal growth, monitor crops"
rice,vegetative,loamy,32,75,5,10,Low,"Normal growth, monitor crops"
tomato,vegetative,sandy,25,76,7,11,Low,"Normal growth, monitor crops"
tomato,vegetative,silty,30,66,13,6,Low,"Normal growth, monitor crops"
rice,harvesting,silty,34,72,36,8,Low,"Normal growth, monitor crops"
rice,seedling,silty,38,91,28,11,Low,"Normal growth, monitor crops"
wheat,vegetative,clay,31,57,9,5,Low,"Normal growth, monitor crops"
tomato,vegetative,alluvial,22,80,10,8,Low,"Normal growth, monitor crops"
maize,flowering,clay,25,76,23,15,Low,"Normal growth, monitor crops"
tomato,flowering,sandy,23,62,6,6,Low,"Normal growth, monitor crops"
tomato,harvesting,sandy,25,81,2,16,Low,"Normal growth, monitor crops"
maize,seedling,silty,28,59,29,6,Low,"Normal growth, monitor crops"
lentil,vegetative,alluvial,22,59,9,15,Low,"Normal growth, monitor crops"
rice,vegetative,loamy,36,90,49,5,Low,"Normal growth, monitor crops"
tomato,harvesting,clay,20,77,7,20,Low,"Normal growth, monitor crops"
potato,harvesting,alluvial,26,68,10,19,Low,"Normal conditions, monitor crops"
rice,seedling,loamy,28,82,22,6,Low,"Normal growth, monitor crops"
wheat,flowering,clay,33,76,5,14,Low,"Normal growth, monitor crops"
potato,harvesting,silty,25,74,9,5,Low,"Normal conditions, monitor crops"
lentil,flowering,loamy,23,70,10,9,Low,"Normal growth, monitor crops"
potato,vegetative,sandy,28,84,16,9,Low,"Normal conditions, monitor crops"
tomato,harvesting,alluvial,25,81,14,19,Low,"Normal growth, monitor crops"
wheat,harvesting,sandy,35,47,20,13,High,"Harvest immediately, store properly"
rice,seedling,alluvial,36,63,35,18,Low,"Normal growth, monitor crops"
potato,vegetative,loamy,27,70,12,16,Low,"Normal conditions, monitor crops"
lentil,vegetative,loamy,22,62,6,12,Low,"Normal growth, monitor crops"
wheat,flowering,silty,30,53,21,10,Low,"Normal growth, monitor crops"
tomato,vegetative,loamy,28,80,15,14,Low,"Normal growth, monitor crops"
rice,harvesting,clay,38,86,42,19,Low,"Normal growth, monitor crops"
maize,vegetative,alluvial,29,59,26,19,Low,"Normal growth, monitor crops"
wheat,harvesting,alluvial,18,65,4,9,Low,"Normal growth, monitor crops"
potato,flowering,silty,18,70,4,8,Low,"Normal conditions, monitor crops"
tomato,vegetative,clay,28,75,4,7,Low,"Normal growth, monitor crops"
lentil,flowering,sandy,26,54,8,19,Low,"Normal growth, monitor crops"
maize,flowering,sandy,28,73,30,9,Low,"Normal growth, monitor crops"
maize,seedling,silty,29,74,18,15,Low,"Normal growth, monitor crops"
potato,flowering,loamy,15,73,20,10,Low,"Normal conditions, monitor crops"
wheat,seedling,loamy,31,43,14,8,Low,"Normal growth, monitor crops"
rice,flowering,clay,31,75,38,6,Low,"Normal growth, monitor crops"
lentil,flowering,silty,30,68,7,19,Low,"Normal growth, monitor crops"
rice,vegetative,loamy,31,63,24,15,Low,"Normal growth, monitor crops"
potato,flowering,loamy,16,78,16,6,Low,"Normal conditions, monitor crops"
rice,seedling,sandy,28,65,13,9,Low,"Normal growth, monitor crops"
lentil,seedling,sandy,19,64,0,20,Low,"Normal growth, monitor crops"
rice,vegetative,silty,29,74,2,19,Low,"Normal growth, monitor crops"
lentil,flowering,alluvial,21,75,2,19,Low,"Normal growth, monitor crops"
tomato,flowering,alluvial,26,73,8,5,Low,"Normal growth, monitor crops"
rice,vegetative,loamy,32,66,49,6,Low,"Normal growth, monitor crops"
rice,vegetative,clay,31,63,46,5,Low,"Normal growth, monitor crops"
tomato,flowering,clay,27,83,14,11,Low,"Normal growth, monitor crops"
wheat,vegetative,alluvial,20,75,21,18,Low,"Normal growth, monitor crops"
rice,seedling,sandy,28,95,29,5,Low,"Normal growth, monitor crops"
maize,flowering,loamy,35,72,4,20,Low,"Normal growth, monitor crops"
potato,vegetative,sandy,26,65,2,8,Low,"Normal conditions, monitor crops"
wheat,flowering,sandy,29,61,15,18,Low,"Normal growth, monitor crops"
rice,harvesting,sandy,32,82,7,16,Low,"Normal growth, monitor crops"
maize,seedling,alluvial,33,78,23,7,Low,"Normal growth, monitor crops"
potato,vegetative,silty,25,75,9,18,Low,"Normal conditions, monitor crops"
wheat,harvesting,silty,22,72,11,19,High,"Harvest immediately, store properly"
lentil,flowering,loamy,25,65,6,12,Low,"Normal growth, monitor crops"
tomato,flowering,loamy,24,71,0,18,Low,"Normal growth, monitor crops"
wheat,seedling,clay,24,70,22,9,Low,"Normal growth, monitor crops"
rice,harvesting,alluvial,37,66,3,7,Low,"Normal growth, monitor crops"
wheat,seedling,sandy,22,69,16,17,Low,"Normal growth, monitor crops"
maize,flowering,sandy,29,57,17,19,Low,"Normal growth, monitor crops"
rice,flowering,silty,37,75,40,11,Low,"Normal growth, monitor crops"
lentil,seedling,sandy,30,52,2,15,Low,"Normal growth, monitor crops"
rice,vegetative,silty,28,72,37,20,Low,"Normal growth, monitor crops"
tomato,flowering,sandy,20,66,3,15,Low,"Normal growth, monitor crops"
wheat,flowering,loamy,29,75,0,9,Low,"Normal growth, monitor crops"
maize,seedling,loamy,30,71,3,19,Low,"Normal growth, monitor crops"
maize,seedling,alluvial,29,71,11,11,Low,"Normal growth, monitor crops"
lentil,seedling,alluvial,27,59,9,14,Low,"Normal growth, monitor crops"
rice,harvesting,alluvial,35,82,16,14,Low,"Normal growth, monitor crops"
wheat,flowering,clay,18,44,10,7,Low,"Normal growth, monitor crops"
rice,harvesting,clay,36,61,39,9,Low,"Normal growth, monitor crops"
rice,vegetative,clay,38,70,44,6,Low,"Normal growth, monitor crops"
lentil,vegetative,alluvial,22,80,1,18,Low,"Normal growth, monitor crops"
rice,vegetative,alluvial,36,62,41,16,Low,"Normal growth, monitor crops"
lentil,flowering,sandy,25,54,0,11,Low,"Normal growth, monitor crops"
potato,vegetative,loamy,21,74,19,13,Low,"Normal conditions, monitor crops"
lentil,flowering,sandy,22,52,0,6,Low,"Normal growth, monitor crops"
tomato,flowering,sandy,24,76,6,13,Low,"Normal growth, monitor crops"
lentil,vegetative,loamy,19,54,4,11,Low,"Normal growth, monitor crops"
wheat,harvesting,sandy,24,50,2,12,Low,"Normal growth, monitor crops"
wheat,flowering,sandy,24,42,7,6,Low,"Normal growth, monitor crops"
tomato,flowering,silty,21,84,13,9,Low,"Normal growth, monitor crops"
lentil,vegetative,silty,28,54,3,17,Low,"Normal growth, monitor crops"
wheat,seedling,sandy,28,51,13,9,Low,"Normal growth, monitor crops"
maize,seedling,loamy,36,57,28,13,Low,"Normal growth, monitor crops"
tomato,vegetative,alluvial,32,71,13,11,Low,"Normal growth, monitor crops"
rice,flowering,silty,34,73,24,11,Low,"Normal growth, monitor crops"
rice,harvesting,sandy,28,93,10,10,Low,"Normal growth, monitor crops"
rice,harvesting,alluvial,28,76,19,5,Low,"Normal growth, monitor crops"
wheat,flowering,clay,32,58,20,14,Low,"Normal growth, monitor crops"
maize,seedling,silty,30,81,14,20,Low,"Normal growth, monitor crops"
maize,seedling,clay,35,68,29,13,Low,"Normal growth, monitor crops"
lentil,seedling,clay,29,66,6,19,Low,"Normal growth, monitor crops"
tomato,flowering,sandy,26,81,5,18,Low,"Normal growth, monitor crops"
maize,seedling,clay,34,64,2,6,Low,"Normal growth, monitor crops"
lentil,vegetative,alluvial,22,74,10,14,Low,"Normal growth, monitor crops"
lentil,harvesting,loamy,19,62,3,12,Low,"Normal growth, monitor crops"
wheat,seedling,clay,32,68,24,14,Low,"Normal growth, monitor crops"
lentil,seedling,sandy,30,70,7,15,Low,"Normal growth, monitor crops"
lentil,vegetative,sandy,28,66,5,17,Low,"Normal growth, monitor crops"
potato,harvesting,sandy,16,75,0,15,Low,"Normal conditions, monitor crops"
lentil,harvesting,alluvial,29,51,6,12,Low,"Normal growth, monitor crops"
lentil,harvesting,clay,26,50,5,10,Low,"Normal growth, monitor crops"
rice,seedling,alluvial,33,72,20,18,Low,"Normal growth, monitor crops"
rice,seedling,sandy,30,61,32,12,Low,"Normal growth, monitor crops"
tomato,flowering,loamy,30,68,3,13,Low,"Normal growth, monitor crops"
maize,vegetative,clay,31,84,17,12,Low,"Normal growth, monitor crops"
lentil,flowering,sandy,18,66,3,15,Low,"Normal growth, monitor crops"
rice,harvesting,loamy,31,61,23,6,Low,"Normal growth, monitor crops"
potato,vegetative,alluvial,22,66,11,9,Low,"Normal conditions, monitor crops"
maize,seedling,sandy,25,64,14,10,Low,"Normal growth, monitor crops"
wheat,flowering,alluvial,21,56,8,18,Low,"Normal growth, monitor crops"
rice,seedling,alluvial,30,72,5,8,Low,"Normal growth, monitor crops"
tomato,vegetative,silty,23,65,4,6,Low,"Normal growth, monitor crops"
wheat,harvesting,clay,30,53,4,14,Low,"Normal growth, monitor crops"
lentil,flowering,clay,26,50,9,10,Low,"Normal growth, monitor crops"
potato,harvesting,alluvial,19,68,7,13,Low,"Normal conditions, monitor crops"
wheat,seedling,loamy,26,54,3,15,Low,"Normal growth, monitor crops"
rice,harvesting,alluvial,29,94,27,16,Low,"Normal growth, monitor crops"
rice,harvesting,alluvial,35,77,8,14,Low,"Normal growth, monitor crops"
tomato,vegetative,alluvial,22,73,14,20,Low,"Normal growth, monitor crops"
rice,harvesting,sandy,32,62,32,15,Low,"Normal growth, monitor crops"
tomato,vegetative,clay,23,80,7,15,Low,"Normal growth, monitor crops"
potato,harvesting,clay,16,75,8,20,Low,"Normal conditions, monitor crops"
tomato,harvesting,alluvial,29,84,6,19,Low,"Normal growth, monitor crops"
tomato,flowering,loamy,23,81,4,13,Low,"Normal growth, monitor crops"
wheat,harvesting,silty,29,47,12,9,High,"Harvest immediately, store properly"
rice,vegetative,sandy,35,60,10,10,Low,"Normal growth, monitor crops"
wheat,seedling,loamy,31,74,19,8,Low,"Normal growth, monitor crops"
rice,vegetative,loamy,38,91,11,5,Low,"Normal growth, monitor crops"
rice,harvesting,silty,37,62,10,18,Low,"Normal growth, monitor crops"
tomato,vegetative,silty,31,70,6,11,Low,"Normal growth, monitor crops"
maize,vegetative,silty,29,68,0,7,Low,"Normal growth, monitor crops"
wheat,flowering,loamy,25,78,9,15,Low,"Normal growth, monitor crops"
maize,vegetative,clay,29,55,19,5,Low,"Normal growth, monitor crops"
maize,harvesting,loamy,31,59,20,12,Low,"Normal growth, monitor crops"
wheat,vegetative,loamy,25,60,17,16,Low,"Normal growth, monitor crops"
tomato,harvesting,silty,20,61,3,14,Low,"Normal growth, monitor crops"
lentil,harvesting,sandy,20,64,0,13,Low,"Normal growth, monitor crops"
rice,flowering,silty,34,66,37,8,Low,"Normal growth, monitor crops"
lentil,harvesting,sandy,30,62,8,12,Low,"Normal growth, monitor crops"
wheat,seedling,alluvial,31,48,7,15,Low,"Normal growth, monitor crops"
lentil,seedling,silty,22,53,2,10,Low,"Normal growth, monitor crops"
tomato,flowering,clay,32,75,12,10,Low,"Normal growth, monitor crops"
wheat,flowering,clay,22,69,3,16,Low,"Normal growth, monitor crops"
potato,vegetative,loamy,16,60,2,16,Low,"Normal conditions, monitor crops"
maize,vegetative,clay,27,84,1,9,Low,"Normal growth, monitor crops"
potato,harvesting,clay,28,85,14,10,Low,"Normal conditions, monitor crops"
lentil,vegetative,silty,21,50,1,13,Low,"Normal growth, monitor crops"
wheat,flowering,silty,34,40,2,6,Low,"Normal growth, monitor crops"
rice,harvesting,alluvial,31,88,14,18,Low,"Normal growth, monitor crops"
rice,vegetative,clay,33,75,7,6,Low,"Normal growth, monitor crops"
maize,harvesting,silty,32,53,28,17,Low,"Normal growth, monitor crops"
rice,flowering,sandy,33,83,47,20,Low,"Normal growth, monitor crops"
potato,vegetative,clay,20,65,19,10,Low,"Normal conditions, monitor crops"
wheat,vegetative,silty,34,62,1,14,Low,"Normal growth, monitor crops"
lentil,flowering,loamy,27,70,2,15,Low,"Normal growth, monitor crops"
rice,seedling,sandy,35,67,20,6,Low,"Normal growth, monitor crops"
rice,vegetative,alluvial,32,77,20,18,Low,"Normal growth, monitor crops"
lentil,seedling,loamy,18,78,4,12,Low,"Normal growth, monitor crops"
maize,seedling,loamy,27,76,19,18,Low,"Normal growth, monitor crops"
tomato,harvesting,sandy,23,68,3,6,Low,"Normal growth, monitor crops"
rice,vegetative,sandy,37,81,30,11,Low,"Normal growth, monitor crops"
maize,flowering,clay,35,80,25,20,Low,"Normal growth, monitor crops"
rice,seedling,loamy,29,90,29,8,Low,"Normal growth, monitor crops"
maize,flowering,sandy,37,70,15,14,Low,"Normal growth, monitor crops"
tomato,vegetative,silty,29,71,6,6,Low,"Normal growth, monitor crops"
wheat,harvesting,sandy,30,77,9,20,High,"Harvest immediately, store properly"
maize,vegetative,sandy,27,67,28,10,Low,"Normal growth, monitor crops"
wheat,flowering,silty,22,41,21,6,Low,"Normal growth, monitor crops"
potato,vegetative,loamy,26,64,13,15,Low,"Normal conditions, monitor crops"
potato,vegetative,clay,28,84,4,9,Low,"Normal conditions, monitor crops"
wheat,seedling,alluvial,24,70,7,18,Low,"Normal growth, monitor crops"
potato,harvesting,loamy,20,69,14,7,Low,"Normal conditions, monitor crops"
potato,vegetative,loamy,17,72,20,7,Low,"Normal conditions, monitor crops"
wheat,harvesting,sandy,23,45,18,20,High,"Harvest immediately, store properly"
rice,flowering,sandy,31,84,40,19,Low,"Normal growth, monitor crops"
potato,flowering,sandy,22,73,9,5,Low,"Normal conditions, monitor crops"
tomato,vegetative,clay,30,85,1,19,Low,"Normal growth, monitor crops"
potato,vegetative,alluvial,26,82,0,5,Low,"Normal conditions, monitor crops"
potato,harvesting,sandy,25,82,3,19,Low,"Normal conditions, monitor crops"
tomato,vegetative,sandy,27,62,3,6,Low,"Normal growth, monitor crops"
lentil,seedling,silty,24,52,0,6,Low,"Normal growth, monitor crops"
potato,flowering,alluvial,15,71,14,8,Low,"Normal conditions, monitor crops"
rice,harvesting,clay,37,74,7,9,Low,"Normal growth, monitor crops"
maize,harvesting,loamy,34,74,16,10,Low,"Normal growth, monitor crops"
lentil,flowering,sandy,25,71,8,15,Low,"Normal growth, monitor crops"
lentil,seedling,sandy,24,76,5,16,Low,"Normal growth, monitor crops"
rice,seedling,silty,28,62,41,7,Low,"Normal growth, monitor crops"
maize,vegetative,loamy,34,77,24,7,Low,"Normal growth, monitor crops"
lentil,seedling,silty,15,61,6,7,Low,"Normal growth, monitor crops"
lentil,vegetative,silty,26,53,10,7,Low,"Normal growth, monitor crops"
maize,flowering,alluvial,37,79,10,15,Low,"Normal growth, monitor crops"
rice,vegetative,silty,36,72,5,16,Low,"Normal growth, monitor crops"
wheat,harvesting,clay,32,62,13,17,High,"Harvest immediately, store properly"
maize,seedling,loamy,25,57,1,14,Low,"Normal growth, monitor crops"
lentil,flowering,clay,16,80,8,12,Low,"Normal growth, monitor crops"
maize,vegetative,silty,37,71,24,18,Low,"Normal growth, monitor crops"
potato,flowering,clay,21,81,16,17,Low,"Normal conditions, monitor crops"
wheat,flowering,alluvial,18,79,2,6,Low,"Normal growth, monitor crops"
potato,vegetative,alluvial,16,76,3,15,Low,"Normal conditions, monitor crops"
lentil,vegetative,clay,17,52,7,20,Low,"Normal growth, monitor crops"
tomato,vegetative,loamy,24,65,3,19,Low,"Normal growth, monitor crops"
potato,flowering,silty,18,60,9,19,Low,"Normal conditions, monitor crops"
lentil,harvesting,loamy,21,57,3,9,Low,"Normal growth, monitor crops"
wheat,seedling,clay,28,64,3,16,Low,"Normal growth, monitor crops"
maize,vegetative,alluvial,29,55,25,12,Low,"Normal growth, monitor crops"
wheat,vegetative,silty,30,78,0,20,Low,"Normal growth, monitor crops"
rice,seedling,alluvial,28,73,28,8,Low,"Normal growth, monitor crops"
rice,vegetative,clay,32,87,27,12,Low,"Normal growth, monitor crops"
potato,vegetative,alluvial,15,62,14,18,Low,"Normal conditions, monitor crops"
lentil,flowering,clay,18,56,1,20,Low,"Normal growth, monitor crops"
lentil,vegetative,clay,17,52,5,13,Low,"Normal growth, monitor crops"
wheat,vegetative,clay,18,62,19,20,Low,"Normal growth, monitor crops"
wheat,harvesting,sandy,27,61,17,8,High,"Harvest immediately, store properly"
rice,seedling,loamy,29,90,28,13,Low,"Normal growth, monitor crops"
potato,harvesting,alluvial,28,78,15,12,Low,"Normal conditions, monitor crops"
potato,vegetative,sandy,23,68,1,19,Low,"Normal conditions, monitor crops"
potato,harvesting,sandy,17,68,6,13,Low,"Normal conditions, monitor crops"
lentil,harvesting,silty,24,52,10,17,Low,"Normal growth, monitor crops"
tomato,flowering,loamy,31,76,5,20,Low,"Normal growth, monitor crops"
maize,harvesting,sandy,35,52,29,16,Low,"Normal growth, monitor crops"
maize,seedling,alluvial,33,64,15,18,Low,"Normal growth, monitor crops"
rice,harvesting,alluvial,32,82,9,15,Low,"Normal growth, monitor crops"
wheat,seedling,sandy,34,49,16,10,Low,"Normal growth, monitor crops"
tomato,vegetative,sandy,26,66,2,19,Low,"Normal growth, monitor crops"
potato,harvesting,alluvial,15,66,5,5,Low,"Normal conditions, monitor crops"
maize,harvesting,sandy,30,85,18,16,Low,"Normal growth, monitor crops"
lentil,harvesting,silty,17,72,5,17,Low,"Normal growth, monitor crops"
wheat,flowering,loamy,31,44,25,19,Low,"Normal growth, monitor crops"
wheat,harvesting,silty,18,76,7,10,High,"Harvest immediately, store properly"
tomato,vegetative,silty,29,63,2,7,Low,"Normal growth, monitor crops"
rice,vegetative,clay,29,74,28,17,Low,"Normal growth, monitor crops"
rice,vegetative,clay,31,83,17,8,Low,"Normal growth, monitor crops"
maize,flowering,silty,33,73,28,14,Low,"Normal growth, monitor crops"
potato,harvesting,clay,18,83,0,10,Low,"Normal conditions, monitor crops"
lentil,flowering,alluvial,20,50,0,5,Low,"Normal growth, monitor crops"
maize,seedling,loamy,34,61,23,5,Low,"Normal growth, monitor crops"
potato,flowering,sandy,22,64,16,14,Low,"Normal conditions, monitor crops"
lentil,seedling,clay,28,66,8,17,Low,"Normal growth, monitor crops"
maize,flowering,alluvial,37,66,3,12,Low,"Normal growth, monitor crops"
maize,flowering,sandy,33,65,11,8,Low,"Normal growth, monitor crops"
maize,harvesting,sandy,37,69,17,17,Low,"Normal growth, monitor crops"
lentil,seedling,loamy,25,57,9,18,Low,"Normal growth, monitor crops"
potato,vegetative,loamy,26,70,0,12,Low,"Normal conditions, monitor crops"
rice,seedling,clay,31,69,47,7,Low,"Normal growth, monitor crops"
maize,harvesting,alluvial,37,80,0,15,Low,"Normal growth, monitor crops"
lentil,flowering,loamy,19,70,5,8,Low,"Normal growth, monitor crops"
lentil,seedling,loamy,21,60,2,20,Low,"Normal growth, monitor crops"
wheat,seedling,alluvial,25,73,11,14,Low,"Normal growth, monitor crops"
potato,vegetative,clay,27,68,17,18,Low,"Normal conditions, monitor crops"
tomato,flowering,silty,21,83,10,14,Low,"Normal growth, monitor crops"
rice,flowering,loamy,32,86,13,8,Low,"Normal growth, monitor crops"
rice,seedling,loamy,37,91,15,9,Low,"Normal growth, monitor crops"
tomato,harvesting,alluvial,26,68,2,7,Low,"Normal growth, monitor crops"
lentil,seedling,loamy,23,59,4,19,Low,"Normal growth, monitor crops"
maize,harvesting,sandy,32,76,20,17,Low,"Normal growth, monitor crops"
rice,flowering,sandy,28,86,10,9,Low,"Normal growth, monitor crops"
tomato,harvesting,silty,29,75,9,14,Low,"Normal growth, monitor crops"
potato,vegetative,clay,28,66,5,10,Low,"Normal conditions, monitor crops"
potato,vegetative,clay,18,78,8,20,Low,"Normal conditions, monitor crops"
wheat,harvesting,loamy,34,60,6,8,High,"Harvest immediately, store properly"
potato,harvesting,clay,20,83,16,18,Low,"Normal conditions, monitor crops"
rice,seedling,alluvial,33,78,24,6,Low,"Normal growth, monitor crops"
potato,vegetative,loamy,15,68,3,14,Low,"Normal conditions, monitor crops"
maize,seedling,clay,26,56,19,16,Low,"Normal growth, monitor crops"
tomato,harvesting,loamy,30,77,0,7,Low,"Normal growth, monitor crops"
wheat,harvesting,loamy,22,63,14,20,High,"Harvest immediately, store properly"
wheat,harvesting,clay,25,59,6,14,High,"Harvest immediately, store properly"
lentil,vegetative,sandy,28,79,7,14,Low,"Normal growth, monitor crops"
wheat,harvesting,clay,30,48,3,8,Low,"Normal growth, monitor crops"
wheat,seedling,loamy,21,62,5,9,Low,"Normal growth, monitor crops"
tomato,harvesting,sandy,31,73,0,13,Low,"Normal growth, monitor crops"
potato,vegetative,clay,27,76,0,20,Low,"Normal conditions, monitor crops"
tomato,harvesting,sandy,24,68,8,14,Low,"Normal growth, monitor crops"
lentil,seedling,silty,28,59,0,14,Low,"Normal growth, monitor crops"
wheat,flowering,sandy,32,60,0,13,Low,"Normal growth, monitor crops"
maize,harvesting,silty,29,56,20,11,Low,"Normal growth, monitor crops"
potato,vegetative,clay,15,68,18,12,Low,"Normal conditions, monitor crops"
lentil,flowering,clay,23,78,7,20,Low,"Normal growth, monitor crops"
rice,vegetative,loamy,38,93,12,14,Low,"Normal growth, monitor crops"
lentil,flowering,loamy,30,65,10,15,Low,"Normal growth, monitor crops"
rice,vegetative,clay,32,93,25,17,Low,"Normal growth, monitor crops"
tomato,harvesting,sandy,24,83,0,20,Low,"Normal growth, monitor crops"
lentil,harvesting,alluvial,19,66,8,16,Low,"Normal growth, monitor crops"
potato,flowering,silty,18,66,11,20,Low,"Normal conditions, monitor crops"
tomato,flowering,clay,29,66,4,17,Low,"Normal growth, monitor crops"
lentil,flowering,silty,27,62,1,10,Low,"Normal growth, monitor crops"
tomato,flowering,sandy,25,69,15,6,Low,"Normal growth, monitor crops"
maize,vegetative,silty,31,72,21,9,Low,"Normal growth, monitor crops"
tomato,vegetative,sandy,24,76,7,11,Low,"Normal growth, monitor crops"
tomato,flowering,silty,24,73,15,11,Low,"Normal growth, monitor crops"
potato,flowering,sandy,23,76,14,20,Low,"Normal conditions, monitor crops"
lentil,harvesting,silty,29,64,7,10,Low,"Normal growth, monitor crops"
wheat,seedling,alluvial,34,76,20,18,Low,"Normal growth, monitor crops"
wheat,flowering,silty,23,77,0,14,Low,"Normal growth, monitor crops"
lentil,harvesting,sandy,23,58,7,13,Low,"Normal growth, monitor crops"
wheat,vegetative,alluvial,20,41,19,9,Low,"Normal growth, monitor crops"
wheat,flowering,alluvial,19,63,20,9,Low,"Normal growth, monitor crops"
tomato,flowering,sandy,22,79,2,17,Low,"Normal growth, monitor crops"
lentil,seedling,silty,30,78,9,18,Low,"Normal growth, monitor crops"
tomato,vegetative,loamy,30,71,2,15,Low,"Normal growth, monitor crops"
tomato,harvesting,silty,20,72,10,12,Low,"Normal growth, monitor crops"
wheat,flowering,sandy,18,63,25,13,Low,"Normal growth, monitor crops"
maize,vegetative,clay,31,66,11,10,Low,"Normal growth, monitor crops"
potato,harvesting,clay,16,77,3,14,Low,"Normal conditions, monitor crops"
wheat,harvesting,sandy,28,42,16,12,High,"Harvest immediately, store properly"
wheat,seedling,silty,19,55,10,5,Low,"Normal growth, monitor crops"
wheat,seedling,silty,26,55,10,16,Low,"Normal growth, monitor crops"
potato,vegetative,loamy,28,61,12,15,Low,"Normal conditions, monitor crops"
wheat,vegetative,sandy,35,73,8,19,Low,"Normal growth, monitor crops"
potato,vegetative,silty,20,85,17,18,Low,"Normal conditions, monitor crops"
wheat,harvesting,silty,26,47,10,17,High,"Harvest immediately, store properly"
potato,flowering,alluvial,23,82,8,12,Low,"Normal conditions, monitor crops"
lentil,harvesting,silty,19,69,6,15,Low,"Normal growth, monitor crops"
rice,seedling,loamy,34,61,23,5,Low,"Normal growth, monitor crops"
rice,harvesting,sandy,36,86,12,7,Low,"Normal growth, monitor crops"
rice,harvesting,clay,28,94,35,17,Low,"Normal growth, monitor crops"
tomato,vegetative,silty,30,73,6,19,Low,"Normal growth, monitor crops"
rice,vegetative,alluvial,38,90,26,16,Low,"Normal growth, monitor crops"
tomato,vegetative,sandy,28,71,3,16,Low,"Normal growth, monitor crops"
tomato,vegetative,loamy,20,82,2,14,Low,"Normal growth, monitor crops"
potato,vegetative,loamy,25,78,9,9,Low,"Normal conditions, monitor crops"
rice,flowering,loamy,30,90,29,13,Low,"Normal growth, monitor crops"
rice,vegetative,clay,31,66,24,18,Low,"Normal growth, monitor crops"
lentil,seedling,clay,25,51,5,8,Low,"Normal growth, monitor crops"
lentil,vegetative,alluvial,29,58,7,9,Low,"Normal growth, monitor crops"
lentil,harvesting,clay,25,53,10,8,Low,"Normal growth, monitor crops"
rice,harvesting,sandy,28,68,23,14,Low,"Normal growth, monitor crops"
wheat,harvesting,sandy,20,49,1,11,Low,"Normal growth, monitor crops"
potato,harvesting,loamy,27,85,18,17,Low,"Normal conditions, monitor crops"
wheat,seedling,clay,27,60,14,10,Low,"Normal growth, monitor crops"
maize,harvesting,silty,25,54,4,13,Low,"Normal growth, monitor crops"
maize,flowering,sandy,26,71,16,15,Low,"Normal growth, monitor crops"
wheat,seedling,sandy,30,68,13,7,Low,"Normal growth, monitor crops"
wheat,harvesting,sandy,23,62,5,12,Low,"Normal growth, monitor crops"
lentil,flowering,clay,24,53,6,16,Low,"Normal growth, monitor crops"
maize,seedling,silty,28,58,7,10,Low,"Normal growth, monitor crops"
maize,harvesting,sandy,26,61,20,18,Low,"Normal growth, monitor crops"
maize,vegetative,clay,31,61,17,15,Low,"Normal growth, monitor crops"
rice,flowering,sandy,28,69,4,15,Low,"Normal growth, monitor crops"
rice,seedling,silty,34,83,4,20,Low,"Normal growth, monitor crops"
lentil,seedling,clay,28,61,5,11,Low,"Normal growth, monitor crops"
rice,vegetative,silty,34,81,1,5,Low,"Normal growth, monitor crops"
maize,harvesting,silty,33,84,28,13,Low,"Normal growth, monitor crops"
rice,harvesting,silty,29,76,36,5,Low,"Normal growth, monitor crops"
lentil,vegetative,silty,25,64,4,11,Low,"Normal growth, monitor crops"
lentil,harvesting,clay,30,56,8,15,Low,"Normal growth, monitor crops"
lentil,seedling,sandy,24,72,1,9,Low,"Normal growth, monitor crops"
tomato,flowering,silty,29,71,14,6,Low,"Normal growth, monitor crops"
tomato,harvesting,sandy,29,80,5,12,Low,"Normal growth, monitor crops"
maize,vegetative,silty,27,54,26,16,Low,"Normal growth, monitor crops"
lentil,flowering,clay,26,65,1,13,Low,"Normal growth, monitor crops"
rice,flowering,sandy,28,72,42,5,Low,"Normal growth, monitor crops"
rice,vegetative,alluvial,37,77,23,6,Low,"Normal growth, monitor crops"
wheat,flowering,loamy,18,74,10,15,Low,"Normal growth, monitor crops"
rice,vegetative,clay,33,65,31,6,Low,"Normal growth, monitor crops"
maize,harvesting,loamy,37,71,22,11,Low,"Normal growth, monitor crops"
potato,vegetative,clay,27,83,2,5,Low,"Normal conditions, monitor crops"
rice,harvesting,alluvial,35,92,40,18,Low,"Normal growth, monitor crops"
lentil,seedling,clay,17,77,7,10,Low,"Normal growth, monitor crops"
wheat,vegetative,clay,28,57,19,9,Low,"Normal growth, monitor crops"
wheat,vegetative,sandy,18,41,17,10,Low,"Normal growth, monitor crops"
maize,vegetative,sandy,29,52,17,8,Low,"Normal growth, monitor crops"
maize,vegetative,silty,31,79,8,8,Low,"Normal growth, monitor crops"
rice,vegetative,alluvial,36,80,47,19,Low,"Normal growth, monitor crops"
tomato,harvesting,loamy,26,80,11,15,Low,"Normal growth, monitor crops"
wheat,vegetative,loamy,26,55,25,6,Low,"Normal growth, monitor crops"
maize,seedling,alluvial,37,71,21,13,High,"Irrigate immediately, provide shade"
potato,vegetative,silty,24,85,19,14,Low,"Normal conditions, monitor crops"
rice,flowering,loamy,38,75,32,9,Low,"Normal growth, monitor crops"
wheat,seedling,alluvial,18,66,6,18,Low,"Normal growth, monitor crops"
lentil,seedling,loamy,22,54,5,6,Low,"Normal growth, monitor crops"
potato,flowering,silty,16,70,18,5,Low,"Normal conditions, monitor crops"
maize,flowering,silty,36,50,25,10,Low,"Normal growth, monitor crops"
maize,harvesting,loamy,28,72,12,11,Low,"Normal growth, monitor crops"
maize,seedling,silty,30,77,20,6,Low,"Normal growth, monitor crops"
maize,flowering,sandy,30,63,10,17,Low,"Normal growth, monitor crops"
rice,seedling,sandy,30,84,29,5,Low,"Normal growth, monitor crops"
maize,vegetative,sandy,36,68,25,9,Low,"Normal growth, monitor crops"
tomato,flowering,clay,23,73,2,5,Low,"Normal growth, monitor crops"
rice,seedling,alluvial,32,79,37,12,Low,"Normal growth, monitor crops"
rice,flowering,sandy,32,60,17,9,Low,"Normal growth, monitor crops"
wheat,harvesting,clay,19,56,10,14,High,"Harvest immediately, store properly"
maize,flowering,loamy,31,69,19,11,Low,"Normal growth, monitor crops"
lentil,seedling,clay,28,76,4,18,Low,"Normal growth, monitor crops"
potato,flowering,silty,28,60,7,18,Low,"Normal conditions, monitor crops"
wheat,vegetative,clay,26,79,5,8,Low,"Normal growth, monitor crops"
lentil,seedling,loamy,23,55,5,9,Low,"Normal growth, monitor crops"
wheat,flowering,silty,19,79,4,12,Low,"Normal growth, monitor crops"
rice,flowering,loamy,34,88,12,8,Low,"Normal growth, monitor crops"
lentil,harvesting,loamy,28,72,4,8,Low,"Normal growth, monitor crops"
maize,vegetative,alluvial,27,62,21,5,Low,"Normal growth, monitor crops"
tomato,harvesting,sandy,27,72,8,12,Low,"Normal growth, monitor crops"
rice,flowering,alluvial,32,95,24,9,Low,"Normal growth, monitor crops"
potato,flowering,sandy,19,68,1,12,Low,"Normal conditions, monitor crops"
potato,harvesting,alluvial,19,66,6,6,Low,"Normal conditions, monitor crops"
lentil,vegetative,sandy,20,65,6,19,Low,"Normal growth, monitor crops"
rice,vegetative,silty,36,66,16,14,Low,"Normal growth, monitor crops"
lentil,flowering,silty,23,79,10,12,Low,"Normal growth, monitor crops"
potato,vegetative,alluvial,26,62,7,7,Low,"Normal conditions, monitor crops"
wheat,flowering,sandy,24,65,16,15,Low,"Normal growth, monitor crops"
wheat,seedling,sandy,25,64,16,8,Low,"Normal growth, monitor crops"
lentil,vegetative,sandy,21,75,5,5,Low,"Normal growth, monitor crops"
lentil,vegetative,clay,18,56,5,16,Low,"Normal growth, monitor crops"
lentil,harvesting,sandy,23,63,7,15,Low,"Normal growth, monitor crops"
wheat,harvesting,sandy,29,77,10,17,High,"Harvest immediately, store properly"
wheat,flowering,loamy,30,67,0,8,Low,"Normal growth, monitor crops"
wheat,vegetative,loamy,27,68,10,16,Low,"Normal growth, monitor crops"
rice,vegetative,silty,38,62,27,16,Low,"Normal growth, monitor crops"
potato,vegetative,silty,19,74,8,6,Low,"Normal conditions, monitor crops"
maize,flowering,clay,33,52,2,10,Low,"Normal growth, monitor crops"
potato,flowering,clay,17,60,14,5,Low,"Normal conditions, monitor crops"
lentil,harvesting,alluvial,25,72,9,6,Low,"Normal growth, monitor crops"
potato,flowering,loamy,25,70,15,5,Low,"Normal conditions, monitor crops"
lentil,vegetative,alluvial,24,52,3,14,Low,"Normal growth, monitor crops"
potato,vegetative,alluvial,22,83,4,19,Low,"Normal conditions, monitor crops"
tomato,harvesting,silty,20,79,2,9,Low,"Normal growth, monitor crops"
maize,harvesting,alluvial,33,84,20,15,Low,"Normal growth, monitor crops"
maize,vegetative,clay,30,65,3,16,Low,"Normal growth, monitor crops"
lentil,flowering,clay,27,59,9,15,Low,"Normal growth, monitor crops"
lentil,seedling,loamy,21,60,7,15,Low,"Normal growth, monitor crops"
rice,flowering,silty,34,79,1,15,Low,"Normal growth, monitor crops"
potato,flowering,silty,26,75,12,5,Low,"Normal conditions, monitor crops"
rice,harvesting,silty,34,79,6,6,Low,"Normal growth, monitor crops"
rice,flowering,loamy,29,92,28,8,Low,"Normal growth, monitor crops"
wheat,vegetative,clay,19,54,24,19,Low,"Normal growth, monitor crops"
potato,harvesting,clay,20,77,1,14,Low,"Normal conditions, monitor crops"
wheat,seedling,sandy,23,56,0,12,Low,"Normal growth, monitor crops"
tomato,vegetative,loamy,25,69,9,16,Low,"Normal growth, monitor crops"
potato,harvesting,clay,19,73,1,19,Low,"Normal conditions, monitor crops"
lentil,harvesting,alluvial,20,51,1,12,Low,"Normal growth, monitor crops"
tomato,harvesting,silty,32,64,8,7,Low,"Normal growth, monitor crops"
rice,harvesting,clay,33,74,27,18,Low,"Normal growth, monitor crops"
maize,harvesting,alluvial,34,55,0,9,Low,"Normal growth, monitor crops"
potato,flowering,silty,20,72,19,11,Low,"Normal conditions, monitor crops"
wheat,harvesting,loamy,20,47,23,14,High,"Harvest immediately, store properly"
wheat,vegetative,loamy,34,77,16,11,Medium,"Monitor fungal infection, adjust irrigation"
lentil,flowering,loamy,19,65,10,5,Low,"Normal growth, monitor crops"
wheat,flowering,loamy,26,58,25,11,Low,"Normal growth, monitor crops"
lentil,vegetative,sandy,26,76,3,8,Low,"Normal growth, monitor crops"
wheat,vegetative,alluvial,30,80,2,14,Low,"Normal growth, monitor crops"
lentil,flowering,clay,20,72,7,6,Low,"Normal growth, monitor crops"
lentil,harvesting,loamy,16,79,1,15,Low,"Normal growth, monitor crops"
tomato,vegetative,loamy,25,79,13,13,Low,"Normal growth, monitor crops"
rice,seedling,alluvial,33,74,2,16,Low,"Normal growth, monitor crops"
potato,flowering,loamy,19,63,8,16,Low,"Normal conditions, monitor crops"
potato,flowering,silty,19,66,6,10,Low,"Normal conditions, monitor crops"
lentil,flowering,sandy,17,75,4,16,Low,"Normal growth, monitor crops"
tomato,vegetative,sandy,25,75,13,13,Low,"Normal growth, monitor crops"
maize,flowering,sandy,29,69,30,10,Low,"Normal growth, monitor crops"
maize,harvesting,sandy,37,72,26,7,Low,"Normal growth, monitor crops"
maize,seedling,loamy,27,80,13,14,Low,"Normal growth, monitor crops"
lentil,harvesting,clay,30,66,10,12,Low,"Normal growth, monitor crops"
tomato,flowering,alluvial,20,73,12,15,Low,"Normal growth, monitor crops"
tomato,vegetative,silty,28,75,11,8,Low,"Normal growth, monitor crops"
wheat,flowering,sandy,20,46,9,19,Low,"Normal growth, monitor crops"
maize,flowering,sandy,34,50,7,17,Low,"Normal growth, monitor crops"
maize,flowering,silty,25,62,13,6,Low,"Normal growth, monitor crops"
tomato,flowering,sandy,32,64,10,5,Low,"Normal growth, monitor crops"
potato,harvesting,silty,17,76,18,6,Low,"Normal conditions, monitor crops"
potato,flowering,clay,27,81,13,12,Low,"Normal conditions, monitor crops"
wheat,flowering,silty,22,65,22,14,Low,"Normal growth, monitor crops"
lentil,harvesting,sandy,29,62,5,14,Low,"Normal growth, monitor crops"
lentil,flowering,clay,26,50,7,7,Low,"Normal growth, monitor crops"
potato,harvesting,clay,21,61,19,19,Low,"Normal conditions, monitor crops"
lentil,flowering,alluvial,29,69,7,11,Low,"Normal growth, monitor crops"
rice,vegetative,clay,29,80,41,11,Low,"Normal growth, monitor crops"
rice,harvesting,loamy,28,91,45,16,Low,"Normal growth, monitor crops"
lentil,harvesting,alluvial,30,68,8,19,Low,"Normal growth, monitor crops"
wheat,flowering,silty,33,71,4,5,Low,"Normal growth, monitor crops"
tomato,harvesting,alluvial,26,66,4,19,Low,"Normal growth, monitor crops"
maize,harvesting,loamy,27,83,8,20,Low,"Normal growth, monitor crops"
tomato,vegetative,alluvial,26,75,0,13,Low,"Normal growth, monitor crops"
potato,flowering,silty,15,70,17,20,Low,"Normal conditions, monitor crops"
maize,seedling,alluvial,34,72,14,17,Low,"Normal growth, monitor crops"
rice,vegetative,sandy,28,86,21,8,Low,"Normal growth, monitor crops"
wheat,harvesting,alluvial,35,69,6,19,High,"Harvest immediately, store properly"
rice,seedling,sandy,37,90,12,8,Medium,"Irrigate morning/evening, use mulch"
tomato,flowering,sandy,20,82,2,13,Low,"Normal growth, monitor crops"
lentil,vegetative,alluvial,25,77,1,12,Low,"Normal growth, monitor crops"
potato,harvesting,sandy,27,79,13,8,Low,"Normal conditions, monitor crops"
lentil,vegetative,sandy,21,64,10,12,Low,"Normal growth, monitor crops"
tomato,flowering,silty,27,68,9,16,Low,"Normal growth, monitor crops"
wheat,harvesting,alluvial,21,58,24,16,High,"Harvest immediately, store properly"
maize,harvesting,alluvial,28,63,28,10,Low,"Normal growth, monitor crops"
maize,harvesting,sandy,30,62,6,16,Low,"Normal growth, monitor crops"
tomato,harvesting,alluvial,21,76,12,18,Low,"Normal growth, monitor crops"
wheat,harvesting,clay,35,49,15,14,High,"Harvest immediately, store properly"
potato,vegetative,silty,23,72,11,5,Low,"Normal conditions, monitor crops"
potato,flowering,loamy,19,77,10,7,Low,"Normal conditions, monitor crops"
tomato,vegetative,clay,27,74,7,6,Low,"Normal growth, monitor crops"
wheat,seedling,sandy,24,51,2,7,Low,"Normal growth, monitor crops"
tomato,vegetative,sandy,28,60,2,20,Low,"Normal growth, monitor crops"
rice,flowering,silty,33,60,16,20,Low,"Normal growth, monitor crops"
tomato,harvesting,loamy,32,82,8,19,Low,"Normal growth, monitor crops"
maize,flowering,sandy,35,67,5,6,Low,"Normal growth, monitor crops"
rice,vegetative,loamy,30,82,11,11,Low,"Normal growth, monitor crops"
maize,harvesting,sandy,33,66,1,16,Low,"Normal growth, monitor crops"
potato,harvesting,alluvial,15,65,2,19,Low,"Normal conditions, monitor crops"
wheat,harvesting,silty,30,47,24,7,High,"Harvest immediately, store properly"
rice,flowering,clay,34,71,33,7,Low,"Normal growth, monitor crops"
tomato,vegetative,sandy,31,64,2,7,Low,"Normal growth, monitor crops"
potato,vegetative,sandy,18,73,20,16,Low,"Normal conditions, monitor crops"
tomato,flowering,sandy,20,71,1,12,Low,"Normal growth, monitor crops"
rice,seedling,silty,30,86,15,19,Low,"Normal growth, monitor crops"
rice,vegetative,clay,36,68,12,10,Low,"Normal growth, monitor crops"
maize,flowering,alluvial,32,68,6,19,Low,"Normal growth, monitor crops"
potato,flowering,loamy,26,70,13,18,Low,"Normal conditions, monitor crops"
wheat,harvesting,sandy,23,54,16,15,High,"Harvest immediately, store properly"
maize,harvesting,clay,31,53,5,18,Low,"Normal growth, monitor crops"
lentil,harvesting,alluvial,27,75,8,10,Low,"Normal growth, monitor crops"
tomato,flowering,clay,30,81,15,18,Low,"Normal growth, monitor crops"
tomato,vegetative,loamy,27,83,9,5,Low,"Normal growth, monitor crops"
wheat,flowering,alluvial,29,45,4,6,Low,"Normal growth, monitor crops"
maize,flowering,silty,31,61,13,14,Low,"Normal growth, monitor crops"
tomato,vegetative,silty,27,75,5,14,Low,"Normal growth, monitor crops"
tomato,flowering,alluvial,25,84,0,6,Low,"Normal growth, monitor crops"
tomato,harvesting,silty,22,65,0,12,Low,"Normal growth, monitor crops"
tomato,harvesting,clay,27,61,8,7,Low,"Normal growth, monitor crops"
lentil,vegetative,silty,20,77,6,16,Low,"Normal growth, monitor crops"
potato,flowering,alluvial,17,73,15,5,Low,"Normal conditions, monitor crops"
maize,harvesting,loamy,37,72,25,15,Low,"Normal growth, monitor crops"
wheat,harvesting,sandy,31,40,14,19,High,"Harvest immediately, store properly"
lentil,vegetative,sandy,28,67,2,12,Low,"Normal growth, monitor crops"
lentil,seedling,silty,30,56,2,11,Low,"Normal growth, monitor crops"
lentil,vegetative,alluvial,26,61,8,9,Low,"Normal growth, monitor crops"
maize,seedling,silty,29,59,8,15,Low,"Normal growth, monitor crops"
lentil,vegetative,loamy,25,64,3,14,Low,"Normal growth, monitor crops"
rice,harvesting,silty,35,73,17,17,Low,"Normal growth, monitor crops"
wheat,harvesting,loamy,26,78,9,5,High,"Harvest immediately, store properly"
wheat,harvesting,alluvial,20,53,15,7,High,"Harvest immediately, store properly"
maize,harvesting,alluvial,35,62,26,11,Low,"Normal growth, monitor crops"
wheat,flowering,silty,21,41,0,7,Low,"Normal growth, monitor crops"
maize,flowering,silty,37,63,20,14,Low,"Normal growth, monitor crops"
potato,harvesting,alluvial,16,64,9,13,Low,"Normal conditions, monitor crops"
tomato,flowering,clay,28,67,4,9,Low,"Normal growth, monitor crops"
wheat,seedling,clay,18,66,11,6,Low,"Normal growth, monitor crops"
maize,harvesting,silty,34,65,4,6,Low,"Normal growth, monitor crops"
rice,vegetative,sandy,35,92,31,6,Low,"Normal growth, monitor crops"
maize,seedling,sandy,34,85,26,17,Low,"Normal growth, monitor crops"
tomato,flowering,sandy,24,67,14,16,Low,"Normal growth, monitor crops"
potato,vegetative,clay,23,85,14,14,Low,"Normal conditions, monitor crops"
tomato,vegetative,sandy,20,77,13,12,Low,"Normal growth, monitor crops"
lentil,seedling,alluvial,21,69,8,14,Low,"Normal growth, monitor crops"
potato,flowering,alluvial,18,61,2,7,Low,"Normal conditions, monitor crops"
wheat,vegetative,loamy,25,62,7,8,Low,"Normal growth, monitor crops"
potato,vegetative,clay,25,75,13,5,Low,"Normal conditions, monitor crops"
maize,seedling,loamy,37,64,12,19,High,"Irrigate immediately, provide shade"
potato,flowering,sandy,28,70,15,6,Low,"Normal conditions, monitor crops"
lentil,seedling,alluvial,17,69,6,18,Low,"Normal growth, monitor crops"
lentil,flowering,clay,26,53,9,15,Low,"Normal growth, monitor crops"
lentil,seedling,clay,20,65,10,15,Low,"Normal growth, monitor crops"
tomato,harvesting,clay,25,62,0,9,Low,"Normal growth, monitor crops"
potato,harvesting,sandy,22,66,3,5,Low,"Normal conditions, monitor crops"
lentil,vegetative,sandy,28,58,2,14,Low,"Normal growth, monitor crops"
potato,harvesting,loamy,27,71,0,10,Low,"Normal conditions, monitor crops"
tomato,harvesting,loamy,26,78,1,17,Low,"Normal growth, monitor crops"
rice,harvesting,alluvial,35,62,40,15,Low,"Normal growth, monitor crops"
potato,vegetative,alluvial,26,82,17,20,Low,"Normal conditions, monitor crops"
tomato,flowering,clay,21,85,6,13,Low,"Normal growth, monitor crops"
tomato,flowering,loamy,30,64,12,20,Low,"Normal growth, monitor crops"
lentil,vegetative,clay,29,65,3,15,Low,"Normal growth, monitor crops"
rice,flowering,loamy,29,74,0,13,Low,"Normal growth, monitor crops"
maize,flowering,loamy,35,67,25,20,Low,"Normal growth, monitor crops"
rice,seedling,clay,34,90,8,19,Low,"Normal growth, monitor crops"
rice,vegetative,silty,37,72,42,8,Low,"Normal growth, monitor crops"
rice,seedling,clay,32,95,24,7,Low,"Normal growth, monitor crops"
rice,vegetative,clay,29,78,33,7,Low,"Normal growth, monitor crops"
wheat,seedling,silty,33,78,9,8,Low,"Normal growth, monitor crops"
rice,flowering,alluvial,28,80,8,9,Low,"Normal growth, monitor crops"
wheat,harvesting,loamy,33,56,10,15,High,"Harvest immediately, store properly"
potato,flowering,loamy,23,84,12,20,Low,"Normal conditions, monitor crops"
wheat,vegetative,sandy,24,46,14,7,Low,"Normal growth, monitor crops"
lentil,flowering,alluvial,24,80,6,13,Low,"Normal growth, monitor crops"
potato,vegetative,alluvial,25,75,17,16,Low,"Normal conditions, monitor crops"
rice,flowering,alluvial,33,75,41,8,Low,"Normal growth, monitor crops"
potato,flowering,silty,15,73,10,10,Low,"Normal conditions, monitor crops"
potato,vegetative,sandy,19,68,12,20,Low,"Normal conditions, monitor crops"
tomato,harvesting,sandy,26,82,6,8,Low,"Normal growth, monitor crops"
rice,harvesting,clay,35,94,10,5,Low,"Normal growth, monitor crops"
rice,flowering,clay,32,76,46,20,Low,"Normal growth, monitor crops"
potato,vegetative,clay,17,74,20,14,Low,"Normal conditions, monitor crops"
potato,flowering,clay,27,60,15,18,Low,"Normal conditions, monitor crops"
tomato,harvesting,loamy,25,77,15,8,Low,"Normal growth, monitor crops"
potato,harvesting,loamy,28,84,13,18,Low,"Normal conditions, monitor crops"
maize,vegetative,alluvial,36,65,11,6,Low,"Normal growth, monitor crops"
rice,vegetative,sandy,31,60,7,19,Low,"Normal growth, monitor crops"
maize,flowering,silty,27,68,3,12,Low,"Normal growth, monitor crops"
maize,harvesting,loamy,30,59,24,17,Low,"Normal growth, monitor crops"
lentil,harvesting,sandy,24,69,5,8,Low,"Normal growth, monitor crops"
rice,seedling,alluvial,38,84,23,12,Low,"Normal growth, monitor crops"
wheat,harvesting,sandy,27,72,5,9,Low,"Normal growth, monitor crops"
wheat,harvesting,sandy,32,74,17,19,High,"Harvest immediately, store properly"
rice,harvesting,silty,36,74,30,5,Low,"Normal growth, monitor crops"
rice,harvesting,clay,33,73,14,10,Low,"Normal growth, monitor crops"
potato,harvesting,silty,22,69,19,11,Low,"Normal conditions, monitor crops"
maize,seedling,clay,25,74,23,7,Low,"Normal growth, monitor crops"
tomato,flowering,clay,23,76,8,20,Low,"Normal growth, monitor crops"
wheat,vegetative,loamy,31,66,5,14,Low,"Normal growth, monitor crops"
lentil,vegetative,loamy,26,75,7,10,Low,"Normal growth, monitor crops"
lentil,flowering,clay,21,51,7,13,Low,"Normal growth, monitor crops"
lentil,harvesting,sandy,27,50,8,14,Low,"Normal growth, monitor crops"
potato,vegetative,sandy,16,79,10,19,Low,"Normal conditions, monitor crops"
potato,flowering,sandy,26,82,17,17,Low,"Normal conditions, monitor crops"
maize,seedling,clay,32,54,14,5,Low,"Normal growth, monitor crops"
potato,harvesting,alluvial,18,65,5,16,Low,"Normal conditions, monitor crops"
tomato,vegetative,clay,32,81,0,8,Low,"Normal growth, monitor crops"
tomato,vegetative,loamy,20,62,11,11,Low,"Normal growth, monitor crops"
tomato,flowering,clay,28,83,1,9,Low,"Normal growth, monitor crops"
rice,flowering,sandy,28,61,42,11,Low,"Normal growth, monitor crops"
potato,flowering,silty,20,80,17,13,Low,"Normal conditions, monitor crops"
rice,harvesting,sandy,32,71,43,16,Low,"Normal growth, monitor crops"
rice,vegetative,clay,34,85,17,15,Low,"Normal growth, monitor crops"
lentil,flowering,alluvial,26,80,6,6,Low,"Normal growth, monitor crops"
lentil,harvesting,clay,16,64,9,5,Low,"Normal growth, monitor crops"
maize,vegetative,clay,32,57,6,20,Low,"Normal growth, monitor crops"
wheat,vegetative,clay,31,77,12,16,Medium,"Monitor fungal infection, adjust irrigation"
rice,flowering,clay,30,86,24,15,High,"Ensure drainage, apply fungicide"
rice,seedling,loamy,33,95,36,13,Low,"Normal growth, monitor crops"
lentil,harvesting,alluvial,29,54,3,9,Low,"Normal growth, monitor crops"
maize,flowering,silty,36,83,24,18,Medium,Watch for fungal disease
tomato,harvesting,loamy,26,66,9,6,Low,"Normal growth, monitor crops"
lentil,vegetative,silty,22,76,7,5,Low,"Normal growth, monitor crops"
tomato,harvesting,alluvial,28,84,10,8,Low,"Normal growth, monitor crops"
rice,harvesting,alluvial,29,71,32,13,Low,"Normal growth, monitor crops"
tomato,harvesting,alluvial,25,63,10,18,Low,"Normal growth, monitor crops"
potato,vegetative,silty,28,76,20,9,Low,"Normal conditions, monitor crops"
maize,harvesting,silty,35,62,5,5,Low,"Normal growth, monitor crops"
potato,harvesting,alluvial,27,81,1,16,Low,"Normal conditions, monitor crops"
maize,flowering,clay,26,59,24,12,Low,"Normal growth, monitor crops"
maize,harvesting,alluvial,30,70,6,9,Low,"Normal growth, monitor crops"
tomato,harvesting,silty,22,62,5,14,Low,"Normal growth, monitor crops"
wheat,harvesting,alluvial,18,70,11,8,High,"Harvest immediately, store properly"
